Year,Month,Title,URL
2018,1,"Berpotensi Diakusisi BCA, Saham Bank-bank Ini Menguat",https://www.cnbcindonesia.com/market/20180130120035-17-2902/berpotensi-diakusisi-bca-saham-bank-bank-ini-menguat
2018,1,IHSG Ditutup Menguat pada Perdagangan Awal Pekan,https://www.cnbcindonesia.com/market/20180129163729-17-2853/ihsg-ditutup-menguat-pada-perdagangan-awal-pekan
2018,1,Ini Bank-Bank Kecil yang Berpotensi Dibeli BCA,https://www.cnbcindonesia.com/market/20180127104943-17-2676/ini-bank-bank-kecil-yang-berpotensi-dibeli-bca
2018,1,"BCA: Dari ""Tim Sirkus"" Jadi Bank Swasta Terbesar Nasional",https://www.cnbcindonesia.com/entrepreneur/20180126175936-25-2655/bca-dari-tim-sirkus-jadi-bank-swasta-terbesar-nasional
2018,1,Pertumbuhan Kredit BCA Pada 2017 Capai 12%,https://www.cnbcindonesia.com/market/20180126171408-17-2643/pertumbuhan-kredit-bca-pada-2017-capai-12
2018,2,Bursa Saham Domestik Akhirnya Ditutup Melemah Ikut Bursa Asia,https://www.cnbcindonesia.com/market/20180228163324-17-5805/bursa-saham-domestik-akhirnya-ditutup-melemah-ikut-bursa-asia
2018,2,"Investor Asing Lepas Saham BCA Rp 283,92 M",https://www.cnbcindonesia.com/market/20180228162319-17-5802/investor-asing-lepas-saham-bca-rp-28392-m
2018,2,"Sektor Saham yang Perlu Dicermati, Terkait Pernyataan The Fed",https://www.cnbcindonesia.com/market/20180228152028-17-5790/sektor-saham-yang-perlu-dicermati-terkait-pernyataan-the-fed
2018,2,Rupiah Sepertinya Bakal Bergejolak Sampai Setahun,https://www.cnbcindonesia.com/market/20180228123327-17-5744/rupiah-sepertinya-bakal-bergejolak-sampai-setahun
2018,2,5 Emiten dengan Kenaikan Kapitalisasi Pasar di Atas Rp 15 T,https://www.cnbcindonesia.com/market/20180228115559-17-5731/5-emiten-dengan-kenaikan-kapitalisasi-pasar-di-atas-rp-15-t
2018,3,"Investor Lepas Saham Big Cap, Sepekan Ini IHSG Koreksi 1,16%",https://www.cnbcindonesia.com/market/20180330190213-17-9163/investor-lepas-saham-big-cap-sepekan-ini-ihsg-koreksi-116
2018,3,"Antara Investor, Perry Warjiyo dan Sentimen Negatif",https://www.cnbcindonesia.com/market/20180330164525-17-9150/antara-investor-perry-warjiyo-dan-sentimen-negatif
2018,3,Sentimen Eksternal dan Internal Tekan IHSG Sesi I,https://www.cnbcindonesia.com/market/20180329125856-17-9037/sentimen-eksternal-dan-internal-tekan-ihsg-sesi-i
2018,3,"Takut Marjin Dipangkas, Saham BMRI, BBCA, dan BBNI Dilepas",https://www.cnbcindonesia.com/market/20180329105818-17-9001/takut-marjin-dipangkas-saham-bmri-bbca-dan-bbni-dilepas
2018,3,Saham BRI Paling Banyak Dibeli Investor Asing Pagi Ini,https://www.cnbcindonesia.com/market/20180329094315-17-8987/saham-bri-paling-banyak-dibeli-investor-asing-pagi-ini
2018,4,"Realisasi Investasi Memuaskan, IHSG Menguat 1,27%",https://www.cnbcindonesia.com/market/20180430161907-17-13065/realisasi-investasi-memuaskan-ihsg-menguat-127
2018,4,"Saham Big Cap Naik, Antarkan IHSG Seirama dengan Bursa Asia",https://www.cnbcindonesia.com/market/20180430122131-17-13000/saham-big-cap-naik-antarkan-ihsg-seirama-dengan-bursa-asia
2018,4,Investor Asing Borong Saham BUMN,https://www.cnbcindonesia.com/market/20180430103004-17-12974/investor-asing-borong-saham-bumn
2018,4,"ASII, UNVR, BBCA Laporkan Kinerja, TLKM Rombak Direksi",https://www.cnbcindonesia.com/market/20180430071715-17-12956/asii-unvr-bbca-laporkan-kinerja-tlkm-rombak-direksi
2018,4,Arah IHSG Masih akan Ditentukan Nilai Tukar Rupiah,https://www.cnbcindonesia.com/market/20180429173412-17-12939/arah-ihsg-masih-akan-ditentukan-nilai-tukar-rupiah
2018,5,"Leo Chandra, Columbia dan Lilitan Utang SNP Finance",https://www.cnbcindonesia.com/news/20180531114910-4-17302/leo-chandra-columbia-dan-lilitan-utang-snp-finance
2018,5,"Selain Bank Mandiri, Utang Grup Colombia Juga Macet di BCA",https://www.cnbcindonesia.com/market/20180531082050-17-17268/selain-bank-mandiri-utang-grup-colombia-juga-macet-di-bca
2018,5,"Kenaikan Suku Bunga Acuan Direspon Negatif, IHSG Jatuh 0,97%",https://www.cnbcindonesia.com/market/20180530161834-17-17205/kenaikan-suku-bunga-acuan-direspon-negatif-ihsg-jatuh-097
2018,5,Bankir Nantikan Hasil RDG Insidentil BI,https://www.cnbcindonesia.com/market/20180530080837-17-17072/bankir-nantikan-hasil-rdg-insidentil-bi
2018,5,Kisah Benny Purnomo yang Mundur dari Posisi Dirut Bank MNC,https://www.cnbcindonesia.com/market/20180530074612-17-17069/kisah-benny-purnomo-yang-mundur-dari-posisi-dirut-bank-mnc
2018,6,"Suku Bunga Acuan Naik 50 Bps, IHSG Melesat 2,33%",https://www.cnbcindonesia.com/market/20180629162702-17-21122/suku-bunga-acuan-naik-50-bps-ihsg-melesat-233
2018,6,Moody's Tegaskan Rating Sembilan Bank di Indonesia,https://www.cnbcindonesia.com/market/20180628190904-17-20972/moodys-tegaskan-rating-sembilan-bank-di-indonesia
2018,6,"Dolar AS Sentuh Rp 14.385, IHSG Anjlok 2,08%",https://www.cnbcindonesia.com/market/20180628163321-17-20938/dolar-as-sentuh-rp-14385-ihsg-anjlok-208
2018,6,"Ekspektasi Suku Bunga Acuan Naik, IHSG Anjlok 1,64%",https://www.cnbcindonesia.com/market/20180628122622-17-20865/ekspektasi-suku-bunga-acuan-naik-ihsg-anjlok-164
2018,6,Ini 5 Saham Paling Aktif Hari ini,https://www.cnbcindonesia.com/market/20180628101449-17-20834/ini-5-saham-paling-aktif-hari-ini
2018,7,"DMO Dicabut, IHSG Menguat Sendirian di Asia",https://www.cnbcindonesia.com/market/20180730154710-17-26072/dmo-dicabut-ihsg-menguat-sendirian-di-asia
2018,7,"BEI Rilis Daftar LQ-45 Terbaru, RUPS AISA Berlangsung Ricuh",https://www.cnbcindonesia.com/market/20180730074916-17-25954/bei-rilis-daftar-lq-45-terbaru-rups-aisa-berlangsung-ricuh
2018,7,"IHSG Naik 1,9% dalam Sepekan, Ini 5 Saham Teraktif",https://www.cnbcindonesia.com/market/20180728201438-17-25887/ihsg-naik-19-dalam-sepekan-ini-5-saham-teraktif
2018,7,"Dimotori Saham Astra, IHSG Menguat 0,72%",https://www.cnbcindonesia.com/market/20180727162134-17-25778/dimotori-saham-astra-ihsg-menguat-072
2018,7,"Rupiah Tipiskan Kekalahan, IHSG Menguat 0,3%",https://www.cnbcindonesia.com/market/20180727115346-17-25697/rupiah-tipiskan-kekalahan-ihsg-menguat-03
2018,8,"Asing Mulai Ambil Untung, Saham PTBA Turun 2,64%",https://www.cnbcindonesia.com/market/20180831172143-17-31259/asing-mulai-ambil-untung-saham-ptba-turun-264
2018,8,"Rupiah Terparah Sejak Krismon, IHSG Berakhir di Zona Merah",https://www.cnbcindonesia.com/market/20180831155621-17-31243/rupiah-terparah-sejak-krismon-ihsg-berakhir-di-zona-merah
2018,8,"Rupiah Terparah Sejak Krismon, IHSG Terburuk di Asia",https://www.cnbcindonesia.com/market/20180831120022-17-31160/rupiah-terparah-sejak-krismon-ihsg-terburuk-di-asia
2018,8,"Rupiah Tembus Rp 14.700/US$, Saham Bank Diobral Investor",https://www.cnbcindonesia.com/market/20180831111816-17-31150/rupiah-tembus-rp-14700-us--saham-bank-diobral-investor
2018,8,"Turki dan Argentina Krisis, Simak Rekomendasi Saham Ini",https://www.cnbcindonesia.com/market/20180831082209-17-31115/turki-dan-argentina-krisis-simak-rekomendasi-saham-ini
2018,9,"Sudah Banyak Jual, Asing Masuk Lagi Rp 1,6 T ke Pasar Saham",https://www.cnbcindonesia.com/market/20180930095927-17-35379/sudah-banyak-jual-asing-masuk-lagi-rp-16-t-ke-pasar-saham
2018,9,"Investor Asing Masuk Rp 886 M, IHSG Dekati Level 6.000",https://www.cnbcindonesia.com/market/20180928162119-17-35247/investor-asing-masuk-rp-886-m-ihsg-dekati-level-6000
2018,9,"Investor Asing Masuk Rp 272 M, IHSG Menguat 0,33%",https://www.cnbcindonesia.com/market/20180928115607-17-35185/investor-asing-masuk-rp-272-m-ihsg-menguat-033
2018,9,"BI Bertahan Hawkish, Simak Rekomendasi Saham Hari Ini",https://www.cnbcindonesia.com/market/20180928084227-17-35136/bi-bertahan-hawkish-simak-rekomendasi-saham-hari-ini
2018,9,"BI Naikkan Suku Bunga Acuan, Saham Perbankan Bergerak Turun",https://www.cnbcindonesia.com/market/20180927150357-17-35046/bi-naikkan-suku-bunga-acuan-saham-perbankan-bergerak-turun
2018,10,"Bursa Saham Asia Melesat, IHSG Berhasil Ditutup Menguat",https://www.cnbcindonesia.com/market/20181031162823-17-39972/bursa-saham-asia-melesat-ihsg-berhasil-ditutup-menguat
2018,10,"Lebih Efisien, BRI Makin Menguntungkan",https://www.cnbcindonesia.com/market/20181031125258-17-39930/lebih-efisien-bri-makin-menguntungkan
2018,10,"Masih Pagi, Investor Asing Sudah Koleksi Saham BBCA Rp 367 M",https://www.cnbcindonesia.com/market/20181031095431-17-39852/masih-pagi-investor-asing-sudah-koleksi-saham-bbca-rp-367-m
2018,10,"Penguatan IHSG Berpotensi Lanjut, Amati Saham-saham Ini",https://www.cnbcindonesia.com/market/20181031081640-17-39833/penguatan-ihsg-berpotensi-lanjut-amati-saham-saham-ini
2018,10,Analis: IHSG Mampu Lanjutkan Penguatan Hari Ini,https://www.cnbcindonesia.com/market/20181031080557-17-39832/analis-ihsg-mampu-lanjutkan-penguatan-hari-ini
2018,11,"Perubahan Komposisi Portofolio Asing Membawa IHSG Turun 0,84%",https://www.cnbcindonesia.com/market/20181130174728-17-44495/perubahan-komposisi-portofolio-asing-membawa-ihsg-turun-084
2018,11,"Profit Taking Landa Bank-bank Besar, Harga Saham Berguguran",https://www.cnbcindonesia.com/market/20181130102441-17-44394/profit-taking-landa-bank-bank-besar-harga-saham-berguguran
2018,11,"Rawan Profit Taking, Begini Ulasan IHSG Menurut 5 Broker",https://www.cnbcindonesia.com/market/20181130084600-17-44382/rawan-profit-taking-begini-ulasan-ihsg-menurut-5-broker
2018,11,The Fed Kian Hati-hati dan Pertemuan Trump-Xi Jadi Kunci,https://www.cnbcindonesia.com/research/20181130055321-128-44363/the-fed-kian-hati-hati-dan-pertemuan-trump-xi-jadi-kunci
2018,11,"Investor Asing Borong Saham Bank Rp 258,9 M, Ini Sebabnya",https://www.cnbcindonesia.com/market/20181129104620-17-44214/investor-asing-borong-saham-bank-rp-2589-m-ini-sebabnya
2018,12,"Akhir Sesi I, IHSG Tembus Level Psikologis 6.200",https://www.cnbcindonesia.com/market/20181228120247-17-48313/akhir-sesi-i-ihsg-tembus-level-psikologis-6200
2018,12,"Terakhir Perdagangan 2018, Simak Saran Broker Pilih Saham",https://www.cnbcindonesia.com/market/20181228083929-17-48285/terakhir-perdagangan-2018-simak-saran-broker-pilih-saham
2018,12,"Data Ekonomi AS Mengecewakan, Investor Buru Saham Bank Besar",https://www.cnbcindonesia.com/market/20181227092219-17-48117/data-ekonomi-as-mengecewakan-investor-buru-saham-bank-besar
2018,12,"Perang Dagang Hingga Kisruh Anggaran AS Bawa IHSG Turun 0,32%",https://www.cnbcindonesia.com/market/20181221115642-17-47444/perang-dagang-hingga-kisruh-anggaran-as-bawa-ihsg-turun-032
2018,12,"Rupiah Merosot, Saham-saham Bank Besar Berguguran",https://www.cnbcindonesia.com/market/20181221105303-17-47423/rupiah-merosot-saham-saham-bank-besar-berguguran
2019,1,Penjelasan Bos BCA Atas Kepemilikan 1% Saham di BTPN,https://www.cnbcindonesia.com/market/20190131205839-17-53390/penjelasan-bos-bca-atas-kepemilikan-1-saham-di-btpn
2019,1,"Tender Offer Rampung, BCA Tetap Miliki 1% Saham BTPN",https://www.cnbcindonesia.com/market/20190131203300-17-53389/tender-offer-rampung-bca-tetap-miliki-1-saham-btpn
2019,1,"Refinancing, Intiland Raih Kredit Rp 2,8 T dari 2 Bank",https://www.cnbcindonesia.com/market/20190131174801-17-53355/refinancing-intiland-raih-kredit-rp-28-t-dari-2-bank
2019,1,Simak! Ini Deretan Saham yang Bikin IHSG Betah di Atas 6.500,https://www.cnbcindonesia.com/market/20190131100240-17-53225/simak-ini-deretan-saham-yang-bikin-ihsg-betah-di-atas-6500
2019,1,"Laba Naik, Saham BBRI Langsung Diserbu Asing",https://www.cnbcindonesia.com/market/20190131094235-17-53222/laba-naik-saham-bbri-langsung-diserbu-asing
2019,2,"Wah, Mulai 11 Maret Bisa Bikin Rekening BCA dari Aplikasi",https://www.cnbcindonesia.com/tech/20190228171212-37-58218/wah-mulai-11-maret-bisa-bikin-rekening-bca-dari-aplikasi
2019,2,"Kuartal III-2019, BCA Fasilitasi Transaksi Wechat & Alipay",https://www.cnbcindonesia.com/tech/20190228183306-37-58244/kuartal-iii-2019-bca-fasilitasi-transaksi-wechat-alipay
2019,2,"Kembangkan Layanan Digital, BCA Siapkan Capex Rp 5,2 T",https://www.cnbcindonesia.com/market/20190228180649-17-58238/kembangkan-layanan-digital-bca-siapkan-capex-rp-52-t
2019,2,Bos BCA: Fasilitas BI Jangan Dipakai Untuk Pendanaan Kredit,https://www.cnbcindonesia.com/market/20190228175819-17-58232/bos-bca-fasilitas-bi-jangan-dipakai-untuk-pendanaan-kredit
2019,2,BCA Keyboard Belum Bisa di Apple iPhone? Ini Penjelasan BCA,https://www.cnbcindonesia.com/tech/20190228173023-37-58223/bca-keyboard-belum-bisa-di-apple-iphone-ini-penjelasan-bca
2019,3,"Terkoreksi 0,19%, Bukan Akhir Zaman Bagi IHSG",https://www.cnbcindonesia.com/market/20190329162631-17-63745/terkoreksi-019-bukan-akhir-zaman-bagi-ihsg
2019,3,"Laba Intiland Amblas 32% Jadi Rp 204 M, Apa Pemicunya?",https://www.cnbcindonesia.com/market/20190329154127-17-63734/laba-intiland-amblas-32-jadi-rp-204-m-apa-pemicunya
2019,3,"Dari BBCA hingga TRAM, Simak Rekomendasi Saham Hari Ini",https://www.cnbcindonesia.com/market/20190329080403-17-63581/dari-bbca-hingga-tram-simak-rekomendasi-saham-hari-ini
2019,3,"Hawa Damai Dagang AS-China Berembus, IHSG Menguat 0,06%",https://www.cnbcindonesia.com/market/20190328124032-17-63415/hawa-damai-dagang-as-china-berembus-ihsg-menguat-006
2019,3,"Disokong Softbank, Ajaib Gaet Ribuan Investor dalam 3 Bulan",https://www.cnbcindonesia.com/mymoney/20190328105603-72-63371/disokong-softbank-ajaib-gaet-ribuan-investor-dalam-3-bulan
2019,4,"Asing Masuk, IHSG Bisa Menguat 0,46% Jelang May Day",https://www.cnbcindonesia.com/market/20190430172731-17-69766/asing-masuk-ihsg-bisa-menguat-046-jelang-may-day
2019,4,"""Lawan"" Pemerintah, Pendapatan Bunga 4 Bank BUKU IV Tertekan",https://www.cnbcindonesia.com/market/20190430153145-17-69731/lawan-pemerintah-pendapatan-bunga-4-bank-buku-iv-tertekan
2019,4,"Dimotori Asing, IHSG Coba Bertahan 3 Hari di Zona Hijau",https://www.cnbcindonesia.com/market/20190430124704-17-69662/dimotori-asing-ihsg-coba-bertahan-3-hari-di-zona-hijau
2019,4,"Sebelum May Day, Simak Rekomendasi Saham Cuan Hari Ini",https://www.cnbcindonesia.com/market/20190430082812-17-69594/sebelum-may-day-simak-rekomendasi-saham-cuan-hari-ini
2019,4,"Saat Asing Banyak Keluar, IHSG Finish di Zona Hijau",https://www.cnbcindonesia.com/market/20190429162645-17-69484/saat-asing-banyak-keluar-ihsg-finish-di-zona-hijau
2019,5,"Peringkat Utang Indonesia Naik, Saham Perbankan Melesat!",https://www.cnbcindonesia.com/market/20190531150618-17-76180/peringkat-utang-indonesia-naik-saham-perbankan-melesat
2019,5,"Investor Asing Borong Saham, IHSG Melejit 0,92%",https://www.cnbcindonesia.com/market/20190531121944-17-76120/investor-asing-borong-saham-ihsg-melejit-092
2019,5,"Wow! Jelang Libur Lebaran, Asing Serbu Pasar Saham RI",https://www.cnbcindonesia.com/market/20190531110654-17-76092/wow-jelang-libur-lebaran-asing-serbu-pasar-saham-ri
2019,5,"Divestasi ANZ di Bank Panin & Kisah CA Capital, Sang Pembeli",https://www.cnbcindonesia.com/market/20190531093714-17-76049/divestasi-anz-di-bank-panin-kisah-ca-capital-sang-pembeli
2019,5,Siapa CA Capital yang Mau Beli Saham PaninBank dari ANZ?,https://www.cnbcindonesia.com/market/20190530174725-17-75999/siapa-ca-capital-yang-mau-beli-saham-paninbank-dari-anz
2019,6,"IHSG Menguat Kala Bursa Asia Jatuh, Terima Kasih Pak Jokowi!",https://www.cnbcindonesia.com/market/20190628154732-17-81454/ihsg-menguat-kala-bursa-asia-jatuh-terima-kasih-pak-jokowi
2019,6,"Duh! Jokowi Effect Pudar, IHSG Rehat Siang di Zona Merah",https://www.cnbcindonesia.com/market/20190628120443-17-81344/duh-jokowi-effect-pudar-ihsg-rehat-siang-di-zona-merah
2019,6,"Tuh kan! Jokowi 2 Periode, Asing Mulai Borong Saham Rp 187 M",https://www.cnbcindonesia.com/market/20190628101624-17-81276/tuh-kan-jokowi-2-periode-asing-mulai-borong-saham-rp-187-m
2019,6,"Ada Jokowi Effect, IHSG Menutup Hari di Zona Hijau",https://www.cnbcindonesia.com/market/20190627160700-17-81131/ada-jokowi-effect-ihsg-menutup-hari-di-zona-hijau
2019,6,"Jokowi Effect Mulai Terasa, IHSG Naik 0,59% Akhir Sesi I",https://www.cnbcindonesia.com/market/20190627123108-17-81053/jokowi-effect-mulai-terasa-ihsg-naik-059-akhir-sesi-i
2019,7,Duet Perang Dagang & The Fed Bikin IHSG Tak Berkutik,https://www.cnbcindonesia.com/market/20190731122716-17-88829/duet-perang-dagang-the-fed-bikin-ihsg-tak-berkutik
2019,7,Lagi! Vera Eva Lim Tambah Kepemilikan Saham BCA,https://www.cnbcindonesia.com/market/20190730171032-17-88659/lagi-vera-eva-lim-tambah-kepemilikan-saham-bca
2019,7,"Ada 'Thomas Lembong Effect', IHSG Melejit 1,24%",https://www.cnbcindonesia.com/market/20190730163854-17-88651/ada-thomas-lembong-effect-ihsg-melejit-124
2019,7,"Penanaman Modal Asing Akhirnya Tumbuh, IHSG Naik 0,68%",https://www.cnbcindonesia.com/market/20190730122418-17-88533/penanaman-modal-asing-akhirnya-tumbuh-ihsg-naik-068
2019,7,"Anjlok 5% Lebih, Kapitalisasi HMSP Kini Disalip Unilever",https://www.cnbcindonesia.com/market/20190729170758-17-88361/anjlok-5-lebih-kapitalisasi-hmsp-kini-disalip-unilever
2019,8,"Hore! Asing Balik Lagi, IHSG Hijau 4 Hari Beruntun",https://www.cnbcindonesia.com/market/20190830163039-17-96032/hore-asing-balik-lagi-ihsg-hijau-4-hari-beruntun
2019,8,"AS-China Dingin, Empat Hari Sudah IHSG Bertahan Hijau!",https://www.cnbcindonesia.com/market/20190830121052-17-95930/as-china-dingin-empat-hari-sudah-ihsg-bertahan-hijau
2019,8,"Semesta Tak Mendukung, IHSG Cuma Bisa Naik Tipis",https://www.cnbcindonesia.com/market/20190829164536-17-95736/semesta-tak-mendukung-ihsg-cuma-bisa-naik-tipis
2019,8,"Bunga Acuan Sudah Dipangkas 2 Kali, kok Saham Bank Longsor?",https://www.cnbcindonesia.com/market/20190827152711-17-95078/bunga-acuan-sudah-dipangkas-2-kali-kok-saham-bank-longsor
2019,8,"AS-China Bisa Rujuk, IHSG Cetak Penguatan 0,74%",https://www.cnbcindonesia.com/market/20190827122646-17-95007/as-china-bisa-rujuk-ihsg-cetak-penguatan-074
2019,9,Akhirnya! 6 Bank Setujui Restrukturisasi Krakatau Steel,https://www.cnbcindonesia.com/market/20190930190331-17-103301/akhirnya-6-bank-setujui-restrukturisasi-krakatau-steel
2019,9,"Moody's Sebut Bank RI Paling Rentan, Harga Saham Nyungsep",https://www.cnbcindonesia.com/market/20190930142444-17-103176/moodys-sebut-bank-ri-paling-rentan-harga-saham-nyungsep
2019,9,"Kapitalisasi HMSP Digusur Astra, BBNI Disalip Indofood CBP",https://www.cnbcindonesia.com/market/20190930122608-17-103111/kapitalisasi-hmsp-digusur-astra-bbni-disalip-indofood-cbp
2019,9,"Siap Stock Split, Ini Alasan Utama Unilever",https://www.cnbcindonesia.com/market/20190930081018-17-103030/siap-stock-split-ini-alasan-utama-unilever
2019,9,"Siap Stock Split, Saham Unilever kok Langsung Amblas?",https://www.cnbcindonesia.com/market/20190930080554-17-103029/siap-stock-split-saham-unilever-kok-langsung-amblas
2019,10,"Bos BCA: Tiap Kali Penerbitan SBN Ritel, DPK Terbang 30%",https://www.cnbcindonesia.com/market/20191031142141-17-111707/bos-bca-tiap-kali-penerbitan-sbn-ritel-dpk-terbang-30
2019,10,Optimistis! Bos OJK Prediksi Kredit Bank Tumbuh 12% di 2019,https://www.cnbcindonesia.com/market/20191031103141-17-111566/optimistis-bos-ojk-prediksi-kredit-bank-tumbuh-12-di-2019
2019,10,"The Fed Pangkas Bunga Acuan Lagi, Ini Saham Pilihan Hari Ini",https://www.cnbcindonesia.com/market/20191031083059-17-111538/the-fed-pangkas-bunga-acuan-lagi-ini-saham-pilihan-hari-ini
2019,10,"Jualan Asing Berkurang, 5 Saham Ini Diborong Hingga Rp 458 M",https://www.cnbcindonesia.com/market/20191030221153-17-111515/jualan-asing-berkurang-5-saham-ini-diborong-hingga-rp-458-m
2019,10,"Kembali Melejit di Menit Akhir, IHSG Menguat 3 Hari Beruntun",https://www.cnbcindonesia.com/market/20191030164623-17-111436/kembali-melejit-di-menit-akhir-ihsg-menguat-3-hari-beruntun
2019,11,"IHSG di Bawah 6.000, Asing Sudah Kabur Rp 3,1 T",https://www.cnbcindonesia.com/market/20191129100851-17-118955/ihsg-di-bawah-6000-asing-sudah-kabur-rp-31-t
2019,11,"Sebelum Transaksi, Simak Aksi Korporasi Perusahaan Domestik",https://www.cnbcindonesia.com/market/20191129081218-17-118914/sebelum-transaksi-simak-aksi-korporasi-perusahaan-domestik
2019,11,"Mitigasi Resesi, Bank Batasi Kredit Valas",https://www.cnbcindonesia.com/market/20191128193139-17-118864/mitigasi-resesi-bank-batasi-kredit-valas
2019,11,"2020, BBCA Suntik Modal Bank Royal Rp 700 M",https://www.cnbcindonesia.com/market/20191128191521-17-118862/2020-bbca-suntik-modal-bank-royal-rp-700-m
2019,11,Bos BCA Bicara Soal Dewan Pengawas OJK,https://www.cnbcindonesia.com/market/20191128175029-17-118841/bos-bca-bicara-soal-dewan-pengawas-ojk
2019,12,"Belum Oversold, IHSG Pasrah Turun di Hari Terakhir",https://www.cnbcindonesia.com/market/20191230183116-17-126580/belum-oversold-ihsg-pasrah-turun-di-hari-terakhir
2019,12,"Jelang Akhir Tahun 2019, IHSG Berpotensi Tutup di Atas 6.350",https://www.cnbcindonesia.com/market/20191227195853-17-126200/jelang-akhir-tahun-2019-ihsg-berpotensi-tutup-di-atas-6350
2019,12,"Berkat Santa Claus Rally, IHSG Menguat 4 Hari Beruntun",https://www.cnbcindonesia.com/market/20191227163123-17-126118/berkat-santa-claus-rally-ihsg-menguat-4-hari-beruntun
2019,12,"Akhir Sesi Satu, IHSG Masih Bertahan di Zona Hijau",https://www.cnbcindonesia.com/market/20191227115510-17-126003/akhir-sesi-satu-ihsg-masih-bertahan-di-zona-hijau
2019,12,"Santa Claus Rally, Simak Saham Potensi Cuan Hari Ini",https://www.cnbcindonesia.com/market/20191227084131-17-125918/santa-claus-rally-simak-saham-potensi-cuan-hari-ini
2020,1,"Indeks LQ-45 Anjlok Lebih Dalam, tapi Saham GGRM Bertahan",https://www.cnbcindonesia.com/market/20200131145630-17-134294/indeks-lq-45-anjlok-lebih-dalam-tapi-saham-ggrm-bertahan
2020,1,"IHSG Boncos Hampir 2%, Saham-saham BUKU IV Babak Belur",https://www.cnbcindonesia.com/market/20200131173109-17-134366/ihsg-boncos-hampir-2-saham-saham-buku-iv-babak-belur
2020,1,"IHSG Terburuk dalam 9 Tahun, January Effect Absen Tahun Ini",https://www.cnbcindonesia.com/market/20200131161421-17-134329/ihsg-terburuk-dalam-9-tahun-january-effect-absen-tahun-ini
2020,1,"Parah! IHSG Ugal-ugalan, Market Cap Menguap Rp 347 T",https://www.cnbcindonesia.com/market/20200131130201-17-134248/parah-ihsg-ugal-ugalan-market-cap-menguap-rp-347-t
2020,1,"Duh! Virus Corona, IHSG Anjlok & Tinggalkan Level 6.000",https://www.cnbcindonesia.com/market/20200131120345-17-134236/duh-virus-corona-ihsg-anjlok-tinggalkan-level-6000
2020,2,"Anjloknya Saham Bank Besar Bikin IHSG Drop 3,69%",https://www.cnbcindonesia.com/market/20200228092252-17-141061/anjloknya-saham-bank-besar-bikin-ihsg-drop-369
2020,2,"Melemah 5 Hari Beruntun, Ada Potensi Tekanan Pada IHSG Mereda",https://www.cnbcindonesia.com/market/20200227191202-17-140995/melemah-5-hari-beruntun-ada-potensi-tekanan-pada-ihsg-mereda
2020,2,"IHSG Drop 2,7%, Kapitalisasi Bursa Saham RI Susut Rp 171 T",https://www.cnbcindonesia.com/market/20200227175722-17-140969/ihsg-drop-27-kapitalisasi-bursa-saham-ri-susut-rp-171-t
2020,2,"Saham BCA Ambles 6,2%, Kekayaan Duo Hartono Susut Rp 27 T",https://www.cnbcindonesia.com/market/20200227143255-17-140884/saham-bca-ambles-62-kekayaan-duo-hartono-susut-rp-27-t
2020,2,"Ada Kasus Investasi, Jiwasraya & Corona, Ini Rekam Jejak IHSG",https://www.cnbcindonesia.com/market/20200227123701-17-140829/ada-kasus-investasi-jiwasraya-corona-ini-rekam-jejak-ihsg
2020,3,"Resmi OJK, Ini Daftar 42 Bank yang Beri Keringanan Kredit",https://www.cnbcindonesia.com/market/20200331174520-17-148852/resmi-ojk-ini-daftar-42-bank-yang-beri-keringanan-kredit
2020,3,"6 Saham Ini jadi Pengerak IHSG Naik 2% Lebih, Sudah Murah?",https://www.cnbcindonesia.com/market/20200331091943-17-148641/6-saham-ini-jadi-pengerak-ihsg-naik-2-lebih-sudah-murah
2020,3,"Tren Bearish IHSG Belum Berakhir, Cek Saham Pilihan Hari Ini",https://www.cnbcindonesia.com/market/20200331080949-17-148622/tren-bearish-ihsg-belum-berakhir-cek-saham-pilihan-hari-ini
2020,3,Great Sale Lagi! 4 Saham Bank BUKU IV Ini Murah Meriah,https://www.cnbcindonesia.com/market/20200330145144-17-148492/great-sale-lagi-4-saham-bank-buku-iv-ini-murah-meriah
2020,3,"Great Sale! IHSG Ambles, Harga 5 Saham Ini Lagi Murah nih",https://www.cnbcindonesia.com/market/20200330110638-17-148397/great-sale-ihsg-ambles-harga-5-saham-ini-lagi-murah-nih
2020,4,"Asing Masuk, IHSG Ditutup Tembus Lagi Level Psikologis 4.700",https://www.cnbcindonesia.com/market/20200430150433-17-155560/asing-masuk-ihsg-ditutup-tembus-lagi-level-psikologis-4700
2020,4,"Asing Berbalik Net Buy, IHSG Masuki Sesi Dua di Jalur Hijau",https://www.cnbcindonesia.com/market/20200430134232-17-155533/asing-berbalik-net-buy-ihsg-masuki-sesi-dua-di-jalur-hijau
2020,4,"Banjir Sentimen Positif, Siap-siap IHSG Sesi II Melesat Lagi",https://www.cnbcindonesia.com/market/20200430125904-17-155521/banjir-sentimen-positif-siap-siap-ihsg-sesi-ii-melesat-lagi
2020,4,"Ada UNVR, TLKM & GGRM, Sederet Saham Pilihan Broker",https://www.cnbcindonesia.com/market/20200430085051-17-155409/ada-unvr-tlkm-ggrm-sederet-saham-pilihan-broker
2020,4,"BI Sebut Kepanikan Global Reda, tapi Net Sell Sebulan Rp 3 T",https://www.cnbcindonesia.com/market/20200429223420-17-155385/bi-sebut-kepanikan-global-reda-tapi-net-sell-sebulan-rp-3-t
2020,5,Abrakadabra! Dari Ciparay Bank Royal Disulap Jadi BCA Digital,https://www.cnbcindonesia.com/market/20200530110115-17-161977/abrakadabra-dari-ciparay-bank-royal-disulap-jadi-bca-digital
2020,5,"Kuartal I-2020: BRI Juara 1 & Mandiri 2, Borong Sahamnya!",https://www.cnbcindonesia.com/market/20200530075345-17-161967/kuartal-i-2020-bri-juara-1-mandiri-2-borong-sahamnya
2020,5,Ini Jawara Pencetak Laba Terbesar Emiten Big Cap RI,https://www.cnbcindonesia.com/market/20200529141150-17-161816/ini-jawara-pencetak-laba-terbesar-emiten-big-cap-ri
2020,5,"Saham Bank Tak Seirama: BRI +4,8%, BMRI +1,4% tapi BCA -1%",https://www.cnbcindonesia.com/market/20200529120118-17-161751/saham-bank-tak-seirama-bri--48-bmri--14-tapi-bca-1
2020,5,"Banyak Sentimen Positif IHSG, tapi Awas Gejolak Hong Kong",https://www.cnbcindonesia.com/market/20200529075558-17-161667/banyak-sentimen-positif-ihsg-tapi-awas-gejolak-hong-kong
2020,6,"Saham Drop! Harta 4 Taipan RI Ini Tergerus, tapi Masih Tajir",https://www.cnbcindonesia.com/market/20200630133712-17-169084/saham-drop-harta-4-taipan-ri-ini-tergerus-tapi-masih-tajir
2020,6,"Saham BCA Melesat 14%, Harta Duo Hartono Nambah Berapa?",https://www.cnbcindonesia.com/market/20200630094502-17-168972/saham-bca-melesat-14-harta-duo-hartono-nambah-berapa
2020,6,"Harga Saham Meroket, Harta 5 Crazy Rich RI Ini Makin Melesat",https://www.cnbcindonesia.com/market/20200630092525-17-168971/harga-saham-meroket-harta-5-crazy-rich-ri-ini-makin-melesat
2020,6,"Wah! Barito Pacific Terdepak, Sinar Mas Resmi Masuk Big Cap",https://www.cnbcindonesia.com/market/20200629101543-17-168662/wah-barito-pacific-terdepak-sinar-mas-resmi-masuk-big-cap
2020,6,"Asing Keluar Rp 674 M, IHSG Cuma Naik Tipis 0,15%",https://www.cnbcindonesia.com/market/20200626151041-17-168337/asing-keluar-rp-674-m-ihsg-cuma-naik-tipis-015
2020,7,Awas! Profit Bank Bakal Tergerus Tahun Ini,https://www.cnbcindonesia.com/news/20200730183100-4-176627/awas-profit-bank-bakal-tergerus-tahun-ini
2020,7,"Asing Borong Saham Rp 103 M, IHSG Akhirnya Happy Weekend!",https://www.cnbcindonesia.com/market/20200730144404-17-176552/asing-borong-saham-rp-103-m-ihsg-akhirnya-happy-weekend
2020,7,BRI Jadi Bank Terbaik Indonesia dalam Top 1.000 World Banks,https://www.cnbcindonesia.com/market/20200730133825-17-176522/bri-jadi-bank-terbaik-indonesia-dalam-top-1000-world-banks
2020,7,"Masih Pagi, IHSG Galau! Asing Lepas BBCA & BMRI",https://www.cnbcindonesia.com/market/20200730091710-17-176423/masih-pagi-ihsg-galau-asing-lepas-bbca-bmri
2020,7,"Jejak Duit Miliaran Heru Hidayat, Makau sampai Selandia Baru",https://www.cnbcindonesia.com/market/20200729143952-17-176276/jejak-duit-miliaran-heru-hidayat-makau-sampai-selandia-baru
2020,8,"Tetap Waspada & Siapkan Parasut, IHSG Sedang Galau Mode On",https://www.cnbcindonesia.com/market/20200831121335-17-183239/tetap-waspada-siapkan-parasut-ihsg-sedang-galau-mode-on
2020,8,"Dibayangi Ketakpastian, IHSG Berakhir Melemah Tipis di Sesi 1",https://www.cnbcindonesia.com/market/20200831112251-17-183231/dibayangi-ketakpastian-ihsg-berakhir-melemah-tipis-di-sesi-1
2020,8,"Apakah Saham BBCA Bisa Tembus Rp 35.000, Kapan?",https://www.cnbcindonesia.com/market/20200831000434-17-183134/apakah-saham-bbca-bisa-tembus-rp-35000-kapan
2020,8,"Bos BCA: China Punya 8 Juta BTS, RI Baru Ada 800 Ribu",https://www.cnbcindonesia.com/tech/20200830164729-37-183104/bos-bca-china-punya-8-juta-bts-ri-baru-ada-800-ribu
2020,8,Bos BCA Sebut Shopee Cs Mayoritas Masih 'Jualan' Produk Impor,https://www.cnbcindonesia.com/tech/20200830161101-37-183102/bos-bca-sebut-shopee-cs-mayoritas-masih-jualan-produk-impor
2020,9,Ke Mana Dana Asing yang Kabur Rp 60 T? Ini Kata JPMorgan,https://www.cnbcindonesia.com/market/20200930141013-17-190602/ke-mana-dana-asing-yang-kabur-rp-60-t-ini-kata-jpmorgan
2020,9,"Asing Ramai-ramai Jual Saham Bank RI, Ini Biang Keroknya!",https://www.cnbcindonesia.com/market/20200930125718-17-190571/asing-ramai-ramai-jual-saham-bank-ri-ini-biang-keroknya
2020,9,"Berburu Cuan, Mari Simak Saham Pilihan Broker Hari Ini",https://www.cnbcindonesia.com/market/20200930083411-17-190467/berburu-cuan-mari-simak-saham-pilihan-broker-hari-ini
2020,9,"Ini Dia 10 Saham Pilihan Asing Kemarin, Ikutan Borong Gak?",https://www.cnbcindonesia.com/market/20200929232846-17-190443/ini-dia-10-saham-pilihan-asing-kemarin-ikutan-borong-gak
2020,9,"Tiba-tiba Balik IHSG Merah, Terungkap Ini Penyebabnya",https://www.cnbcindonesia.com/market/20200929144047-17-190275/tiba-tiba-balik-ihsg-merah-terungkap-ini-penyebabnya
2020,10,"Long Weekend, Layanan BRI, Mandiri, BTN & BCA Tetap Buka",https://www.cnbcindonesia.com/market/20201028120109-17-197688/long-weekend-layanan-bri-mandiri-btn-bca-tetap-buka
2020,10,Moody's Bicara Soal Konsolidasi Besar-besaran Bank Syariah RI,https://www.cnbcindonesia.com/market/20201027163741-17-197485/moodys-bicara-soal-konsolidasi-besar-besaran-bank-syariah-ri
2020,10,"Sempat Menghijau, IHSG Terkoreksi 0,1% di Penutupan Sesi I",https://www.cnbcindonesia.com/market/20201027115003-17-197383/sempat-menghijau-ihsg-terkoreksi-01-di-penutupan-sesi-i
2020,10,"Efek Pandemi, dari Untung Rp 1,5 T Kini KAI Rugi Rp 2,5 T",https://www.cnbcindonesia.com/market/20201027101158-17-197351/efek-pandemi-dari-untung-rp-15-t-kini-kai-rugi-rp-25-t
2020,10,"False Alarm Guys, Ternyata IHSG Cuma Koreksi Tipis",https://www.cnbcindonesia.com/market/20201027083439-17-197325/false-alarm-guys-ternyata-ihsg-cuma-koreksi-tipis
2020,11,Ini Saran Investasi di Tengah Pasar Panik & Dana Asing Kabur,https://www.cnbcindonesia.com/mymoney/20201130181252-72-205806/ini-saran-investasi-di-tengah-pasar-panik-dana-asing-kabur
2020,11,"Asing Kabur Rp 2,69 T, Pelaku Pasar Takut PSBB Ketat Lagi!",https://www.cnbcindonesia.com/market/20201130180416-17-205802/asing-kabur-rp-269-t-pelaku-pasar-takut-psbb-ketat-lagi
2020,11,"Saham Diobral Bak Sandal Jepit, tapi Transaksi Pecah Rekor!",https://www.cnbcindonesia.com/market/20201130152836-17-205735/saham-diobral-bak-sandal-jepit-tapi-transaksi-pecah-rekor
2020,11,"Asing Cemas Covid di RI, Bawa Kabur Rp 2 T & IHSG Anjlok 3%",https://www.cnbcindonesia.com/market/20201130151411-17-205728/asing-cemas-covid-di-ri-bawa-kabur-rp-2-t-ihsg-anjlok-3
2020,11,"Asing Parno dengan Covid-19 di RI, Tarik Dana Rp 2 T Lebih",https://www.cnbcindonesia.com/market/20201130142532-17-205714/asing-parno-dengan-covid-19-di-ri-tarik-dana-rp-2-t-lebih
2020,12,"Ini Dia 5 Emiten Paling Dipantau di 2020, Punya Sahamnya Gak?",https://www.cnbcindonesia.com/market/20201231105949-17-212743/ini-dia-5-emiten-paling-dipantau-di-2020-punya-sahamnya-gak
2020,12,Pahit! Saham-saham Ini Bikin IHSG Tutup 2020 Merah,https://www.cnbcindonesia.com/market/20201230153931-17-212608/pahit-saham-saham-ini-bikin-ihsg-tutup-2020-merah
2020,12,"Gawat! IHSG Sesi I Drop di Bawah 6.000, Asing Lepas Saham Ini",https://www.cnbcindonesia.com/market/20201230112646-17-212509/gawat-ihsg-sesi-i-drop-di-bawah-6000-asing-lepas-saham-ini
2020,12,"Sedih Kaka, IHSG Ambruk! Tapi Saham Mahaka & Salim Meroket",https://www.cnbcindonesia.com/market/20201229152412-17-212299/sedih-kaka-ihsg-ambruk-tapi-saham-mahaka-salim-meroket
2020,12,"Investor Hati-hati, IHSG Koreksi Dulu! Asing Kabur Rp 248 M",https://www.cnbcindonesia.com/market/20201229114600-17-212190/investor-hati-hati-ihsg-koreksi-dulu-asing-kabur-rp-248-m
2021,1,"Mengerikan! IHSG Tumbang, Anjlok 2,5% & Balik 5.800-an",https://www.cnbcindonesia.com/market/20210129135237-17-219657/mengerikan-ihsg-tumbang-anjlok-25-balik-5800-an
2021,1,"Mohon Maaf, IHSG Anjlok 1,6%! Masih Tak Kuat Naik",https://www.cnbcindonesia.com/market/20210129113719-17-219629/mohon-maaf-ihsg-anjlok-16-masih-tak-kuat-naik
2021,1,"Dibuka Hijau & Galau, IHSG Mencoba Balas Dendam",https://www.cnbcindonesia.com/market/20210129091752-17-219580/dibuka-hijau-galau-ihsg-mencoba-balas-dendam
2021,1,"Saat Lokal Kabur, Asing Setia Lho Borong 10 Saham Ini!",https://www.cnbcindonesia.com/market/20210128212338-17-219536/saat-lokal-kabur-asing-setia-lho-borong-10-saham-ini
2021,1,Tumbang 6 Hari Beruntun! IHSG Ambruk 2% di Bawah 6.000,https://www.cnbcindonesia.com/market/20210128151017-17-219450/tumbang-6-hari-beruntun-ihsg-ambruk-2-di-bawah-6000
2021,2,"Jumlah Konglomerat RI Bakal Geser Taipan China, kok Bisa?",https://www.cnbcindonesia.com/market/20210228132400-17-226696/jumlah-konglomerat-ri-bakal-geser-taipan-china-kok-bisa
2021,2,"Beli Rumah DP Nol Persen, Bos BCA Wanti-wanti soal Ini!",https://www.cnbcindonesia.com/market/20210226172620-17-226487/beli-rumah-dp-nol-persen-bos-bca-wanti-wanti-soal-ini
2021,2,Menggiurkan! BCA Tawarkan Bunga KPR & KKB Super Murah,https://www.cnbcindonesia.com/market/20210226165903-17-226477/menggiurkan-bca-tawarkan-bunga-kpr-kkb-super-murah
2021,2,"IHSG Sulit Tembus 6.300, Ini Saran Investasi dari Ellen May",https://www.cnbcindonesia.com/mymoney/20210226084944-72-226291/ihsg-sulit-tembus-6300-ini-saran-investasi-dari-ellen-may
2021,2,Bos Bank Capital Buka-bukaan soal Akuisisi Grab & Sea Group,https://www.cnbcindonesia.com/market/20210226074342-17-226272/bos-bank-capital-buka-bukaan-soal-akuisisi-grab-sea-group
2021,3,"Obligasi AS Picu Pasar Crash! IHSG-Rupiah Tumbang, SBN Mixed",https://www.cnbcindonesia.com/market/20210331162741-17-234413/obligasi-as-picu-pasar-crash-ihsg-rupiah-tumbang-sbn-mixed
2021,3,"Ngeri IHSG Today! Koreksi 1,5%, Asing Kabur Rp 1 T",https://www.cnbcindonesia.com/market/20210331150243-17-234373/ngeri-ihsg-today-koreksi-15-asing-kabur-rp-1-t
2021,3,"IHSG Ambruk Parah, Ada Margin Call & Forced Sell di Bursa RI?",https://www.cnbcindonesia.com/market/20210331143312-17-234355/ihsg-ambruk-parah-ada-margin-call-forced-sell-di-bursa-ri
2021,3,"Forced Sell? IHSG Drop 2,8%, Sederet Bluechip Ini Babak Belur",https://www.cnbcindonesia.com/market/20210331140448-17-234341/forced-sell-ihsg-drop-28-sederet-bluechip-ini-babak-belur
2021,3,Red Alert! IHSG Ambruk 2% Lebih,https://www.cnbcindonesia.com/market/20210331134333-17-234325/red-alert-ihsg-ambruk-2-lebih
2021,4,"Gak Cuma LQ45, Indeks Saham Ini Bisa Jadi Acuan Lho",https://www.cnbcindonesia.com/entrepreneur/20210429163204-25-241945/gak-cuma-lq45-indeks-saham-ini-bisa-jadi-acuan-lho
2021,4,IHSG Sukses Menjebol Lagi Level Psikologis 6.000,https://www.cnbcindonesia.com/market/20210429151526-17-241907/ihsg-sukses-menjebol-lagi-level-psikologis-6000
2021,4,"IHSG Tertahan Pola Descending Triangle, Baik atau Buruk?",https://www.cnbcindonesia.com/market/20210429124836-17-241830/ihsg-tertahan-pola-descending-triangle-baik-atau-buruk
2021,4,"Alhamdulillah Musim THR, Saatnya Borong Saham nih?",https://www.cnbcindonesia.com/mymoney/20210429112343-72-241787/alhamdulillah-musim-thr-saatnya-borong-saham-nih
2021,4,"Trio Saham Big Bank Diborong Asing, IHSG Berpesta di Sesi I",https://www.cnbcindonesia.com/market/20210429115643-17-241806/trio-saham-big-bank-diborong-asing-ihsg-berpesta-di-sesi-i
2021,5,"Minat Investor ke Saham Bank Susut, Apa Gegara Kripto?",https://www.cnbcindonesia.com/market/20210531184610-17-249679/minat-investor-ke-saham-bank-susut-apa-gegara-kripto
2021,5,"Live Now! Ritel Dibanting, Bandar Masih Setir Bursa Saham RI?",https://www.cnbcindonesia.com/mymoney/20210531161131-72-249609/live-now-ritel-dibanting-bandar-masih-setir-bursa-saham-ri
2021,5,IHSG Melesat! Asing Borong 6 Saham Big Cap Sekaligus,https://www.cnbcindonesia.com/market/20210531153948-17-249602/ihsg-melesat-asing-borong-6-saham-big-cap-sekaligus
2021,5,"Harpitnas! IHSG Melesat 1% Lebih, Jawara Pasar Saham Asia",https://www.cnbcindonesia.com/market/20210531153723-17-249601/harpitnas-ihsg-melesat-1-lebih-jawara-pasar-saham-asia
2021,5,"Investor Asing Menyerbu, IHSG Konsisten Menguat di Sesi 1",https://www.cnbcindonesia.com/market/20210531120531-17-249488/investor-asing-menyerbu-ihsg-konsisten-menguat-di-sesi-1
2021,6,Ini Dia Daftar ETF Indonesia yang Mendunia,https://www.cnbcindonesia.com/market/20210630202412-17-257240/ini-dia-daftar-etf-indonesia-yang-mendunia
2021,6,Dear Milenial! Mau Beli Rumah? Ada KPR Bunga Rendah dari BCA,https://www.cnbcindonesia.com/market/20210630165613-17-257151/dear-milenial-mau-beli-rumah-ada-kpr-bunga-rendah-dari-bca
2021,6,"Sentimen Berbalik Positif, IHSG Sempat Sentuh 6.000 di Sesi 1",https://www.cnbcindonesia.com/market/20210630115014-17-257022/sentimen-berbalik-positif-ihsg-sempat-sentuh-6000-di-sesi-1
2021,6,Kena Prank! Saham Teknologi Rontok Berjamaah & Kena ARB,https://www.cnbcindonesia.com/market/20210630093516-17-256966/kena-prank-saham-teknologi-rontok-berjamaah-kena-arb
2021,6,"Tak Ada Lockdown Hanya PPKM Darurat, Bursa Saham RI Hijau",https://www.cnbcindonesia.com/market/20210630085731-17-256954/tak-ada-lockdown-hanya-ppkm-darurat-bursa-saham-ri-hijau
2021,7,"Stock Split 1:5, Jadi Berapa Harga Saham BCA?",https://www.cnbcindonesia.com/market/20210730162717-17-264955/stock-split-15-jadi-berapa-harga-saham-bca
2021,7,Pengumuman! BCA Putuskan Stock Split dengan Rasio 1:5,https://www.cnbcindonesia.com/market/20210730154500-17-264944/pengumuman-bca-putuskan-stock-split-dengan-rasio-15
2021,7,Cuan! Laba Perusahaan Milik Orang Terkaya RI Tembus Rp 15 T,https://www.cnbcindonesia.com/market/20210730095928-17-264808/cuan-laba-perusahaan-milik-orang-terkaya-ri-tembus-rp-15-t
2021,7,Kabar Baik dari Paman Sam Bikin IHSG Hijau di Akhir Juli,https://www.cnbcindonesia.com/market/20210730085715-17-264779/kabar-baik-dari-paman-sam-bikin-ihsg-hijau-di-akhir-juli
2021,7,Its Friday! Yuk Cek Bocoran Saham-saham Pilihan Hari Ini,https://www.cnbcindonesia.com/market/20210730082628-17-264768/its-friday-yuk-cek-bocoran-saham-saham-pilihan-hari-ini
2021,8,"IHSG Menguat Tipis, Asing Buru BBCA-TLKM & Lepas INDF-SCMA",https://www.cnbcindonesia.com/market/20210831160922-17-272640/ihsg-menguat-tipis-asing-buru-bbca-tlkm-lepas-indf-scma
2021,8,"Heroik! Asing Borong Saham, IHSG Ditutup Putar Balik Hijau",https://www.cnbcindonesia.com/market/20210831152900-17-272624/heroik-asing-borong-saham-ihsg-ditutup-putar-balik-hijau
2021,8,"IHSG Otw 6.200, Ini Saham-saham Berpotensi Cuan Hari Ini",https://www.cnbcindonesia.com/market/20210831081009-17-272460/ihsg-otw-6200-ini-saham-saham-berpotensi-cuan-hari-ini
2021,8,"Geser HM Sampoerna, Saham DCII Masuk 10 Besar Big Cap",https://www.cnbcindonesia.com/market/20210830111413-17-272191/geser-hm-sampoerna-saham-dcii-masuk-10-besar-big-cap
2021,8,Akur! Duet Old & New Economy Bikin IHSG Hijau,https://www.cnbcindonesia.com/market/20210830092153-17-272140/akur-duet-old-new-economy-bikin-ihsg-hijau
2021,9,"Transaksi Tembus Rp 24 T, Asing Beli BRI-BCA, Jual EXCL-TOWR",https://www.cnbcindonesia.com/market/20210930164629-17-280474/transaksi-tembus-rp-24-t-asing-beli-bri-bca-jual-excl-towr
2021,9,"Selamat! IHSG Meroket 2% Tembus 6.286, Asing Borong Rp 2 T",https://www.cnbcindonesia.com/market/20210930152836-17-280450/selamat-ihsg-meroket-2-tembus-6286-asing-borong-rp-2-t
2021,9,"Duh! 19 Bank Dikejar Tenggat OJK, Rights Issue atau Merger?",https://www.cnbcindonesia.com/market/20210930125431-17-280378/duh-19-bank-dikejar-tenggat-ojk-rights-issue-atau-merger
2021,9,"Konsisten di Zona Hijau, IHSG Tembus 6.200 di Closing Sesi 1",https://www.cnbcindonesia.com/market/20210930115205-17-280351/konsisten-di-zona-hijau-ihsg-tembus-6200-di-closing-sesi-1
2021,9,"Update Taipan RI! 10 Hari, Duit Bos Batu Bara Ini Naik Rp13 T",https://www.cnbcindonesia.com/market/20210930103035-17-280332/update-taipan-ri-10-hari-duit-bos-batu-bara-ini-naik-rp13-t
2021,10,"IHSG Cerah, Asing Koleksi BMRI-BBRI & Lepas ASII-UNVR",https://www.cnbcindonesia.com/market/20211029164440-17-287609/ihsg-cerah-asing-koleksi-bmri-bbri-lepas-asii-unvr
2021,10,"Laba 5 Bank Kakap Q3 Melesat, duh Angka NPL Bikin Waswas nih?",https://www.cnbcindonesia.com/market/20211029140854-17-287550/laba-5-bank-kakap-q3-melesat-duh-angka-npl-bikin-waswas-nih
2021,10,"Sehari Harta Jerry Ng Melesat Rp 3 T, Duit Bos Djarum Susut!",https://www.cnbcindonesia.com/market/20211029135245-17-287541/sehari-harta-jerry-ng-melesat-rp-3-t-duit-bos-djarum-susut
2021,10,Alamak! Harta 2 Bos Djarum Menguap Rp 5 T dalam Sehari,https://www.cnbcindonesia.com/market/20211029083658-17-287439/alamak-harta-2-bos-djarum-menguap-rp-5-t-dalam-sehari
2021,10,"IHSG Ambruk, Asing Lepas UNTR-ASII & Koleksi BBNI-INDY",https://www.cnbcindonesia.com/market/20211028163958-17-287326/ihsg-ambruk-asing-lepas-untr-asii-koleksi-bbni-indy
2021,11,"IHSG Ambles 1% Lebih, Asing Lepas Lagi Saham Bank Gede",https://www.cnbcindonesia.com/market/20211130155203-17-295543/ihsg-ambles-1-lebih-asing-lepas-lagi-saham-bank-gede
2021,11,"Waspada Profit Taking, Ini Saham Cuan Pilihan Broker",https://www.cnbcindonesia.com/market/20211130081510-17-295355/waspada-profit-taking-ini-saham-cuan-pilihan-broker
2021,11,"IHSG Bertahan dari Badai Omicron, Saham Astra Diobral Asing",https://www.cnbcindonesia.com/market/20211129154617-17-295231/ihsg-bertahan-dari-badai-omicron-saham-astra-diobral-asing
2021,11,"IHSG Selamat dari Omicron, tapi Asing Kabur dari Bursa RI",https://www.cnbcindonesia.com/market/20211129153020-17-295223/ihsg-selamat-dari-omicron-tapi-asing-kabur-dari-bursa-ri
2021,11,"IHSG Ambles, Kapitalisasi Big Cap Susut kecuali Telkom",https://www.cnbcindonesia.com/market/20211129110440-17-295103/ihsg-ambles-kapitalisasi-big-cap-susut-kecuali-telkom
2021,12,"Hari Terakhir Perdagangan 2021, Asing Lego TLKM & Buru EMTK",https://www.cnbcindonesia.com/market/20211230164911-17-303366/hari-terakhir-perdagangan-2021-asing-lego-tlkm-buru-emtk
2021,12,"Profit Taking Mendera Lagi, IHSG Akhiri Sesi 1 di Zona Merah",https://www.cnbcindonesia.com/market/20211230114206-17-303231/profit-taking-mendera-lagi-ihsg-akhiri-sesi-1-di-zona-merah
2021,12,"IHSG Jangan Sampe Merah, Ini Hari Terakhir Perdagangan 2021",https://www.cnbcindonesia.com/market/20211230091213-17-303167/ihsg-jangan-sampe-merah-ini-hari-terakhir-perdagangan-2021
2021,12,"Hari Terakhir Perdagangan 2021, Ini Saham Pilihan Cuan",https://www.cnbcindonesia.com/market/20211230081858-17-303150/hari-terakhir-perdagangan-2021-ini-saham-pilihan-cuan
2021,12,"IHSG Naik Tipis, Asing Lepas SMGR-UNTR & Koleksi BMRI-ICBP",https://www.cnbcindonesia.com/market/20211229155736-17-303043/ihsg-naik-tipis-asing-lepas-smgr-untr-koleksi-bmri-icbp
2022,1,"Mohon Maaf, IHSG Enggak Kasih Angpao Dulu",https://www.cnbcindonesia.com/market/20220131153229-17-311861/mohon-maaf-ihsg-enggak-kasih-angpao-dulu
2022,1,"January Effect Tipis-tipis, Berharap Februari Bakal Cuan Gede",https://www.cnbcindonesia.com/market/20220131073437-17-311656/january-effect-tipis-tipis-berharap-februari-bakal-cuan-gede
2022,1,Perhatian! Manufaktur Hingga Omicron akan Tentukan Nasib IHSG,https://www.cnbcindonesia.com/market/20220130151839-17-311576/perhatian-manufaktur-hingga-omicron-akan-tentukan-nasib-ihsg
2022,1,"Gasss Terusss! IHSG Ditutup Menguat 0,52%",https://www.cnbcindonesia.com/market/20220128153819-17-311313/gasss-terusss-ihsg-ditutup-menguat-052
2022,1,"Bank Kakap RI Panen Laba Jumbo, IHSG Dibuka Cerah",https://www.cnbcindonesia.com/market/20220128090919-17-311156/bank-kakap-ri-panen-laba-jumbo-ihsg-dibuka-cerah
2022,2,Ini Deretan Saham Diborong Asing Saat Rusia-Ukraina Perang,https://www.cnbcindonesia.com/market/20220225164524-17-318507/ini-deretan-saham-diborong-asing-saat-rusia-ukraina-perang
2022,2,"IHSG Akhiri Perdagangan Sepekan dengan Reli 1% ke 6.888,171",https://www.cnbcindonesia.com/market/20220225153320-17-318462/ihsg-akhiri-perdagangan-sepekan-dengan-reli-1-ke-6888171
2022,2,"Bank Mega Bisa Kasih Return 20%, Yakin Ga Kepincut?",https://www.cnbcindonesia.com/market/20220225145918-17-318442/bank-mega-bisa-kasih-return-20-yakin-ga-kepincut
2022,2,"Ukraina Masih Panas, IHSG Menghijau di Sesi 1 Ikuti Tren Asia",https://www.cnbcindonesia.com/market/20220225114553-17-318356/ukraina-masih-panas-ihsg-menghijau-di-sesi-1-ikuti-tren-asia
2022,2,Kinerja Ciamik Abis! 4 Raksasa Bank RI jadi Idola Investor,https://www.cnbcindonesia.com/market/20220225102108-17-318308/kinerja-ciamik-abis-4-raksasa-bank-ri-jadi-idola-investor
2022,3,"Tutup Kuartal Pertama, IHSG Menghijau Cetak Rekor Baru!",https://www.cnbcindonesia.com/market/20220331153218-17-327689/tutup-kuartal-pertama-ihsg-menghijau-cetak-rekor-baru
2022,3,Intip Gaji Para Bos 6 Bank Kakap RI,https://www.cnbcindonesia.com/market/20220331073945-17-327488/intip-gaji-para-bos-6-bank-kakap-ri
2022,3,"IHSG Dibuka Menguat, Kian Dekati Level Psikologis 7.100",https://www.cnbcindonesia.com/market/20220331091904-17-327518/ihsg-dibuka-menguat-kian-dekati-level-psikologis-7100
2022,3,"Ikuti Sentimen AS & Rusia, IHSG Bertahan di Zona Positif",https://www.cnbcindonesia.com/market/20220330115523-17-327201/ikuti-sentimen-as-rusia-ihsg-bertahan-di-zona-positif
2022,3,IHSG Berbalik ke Zona Merah di Penutupan Sesi 1,https://www.cnbcindonesia.com/market/20220329114753-17-326859/ihsg-berbalik-ke-zona-merah-di-penutupan-sesi-1
2022,4,"Adu Kuat 4 Bank Kakap RI di Q1-2022, Siapa Jawaranya?",https://www.cnbcindonesia.com/market/20220429102411-17-335994/adu-kuat-4-bank-kakap-ri-di-q1-2022-siapa-jawaranya
2022,4,Last Day Sebelum Libur Nih! IHSG Dibuka Meriah Sambut Lebaran,https://www.cnbcindonesia.com/market/20220428091312-17-335581/last-day-sebelum-libur-nih-ihsg-dibuka-meriah-sambut-lebaran
2022,4,Simak Menu Saham buat Hari Terakhir Sebelum Bursa Libur,https://www.cnbcindonesia.com/market/20220428075728-17-335554/simak-menu-saham-buat-hari-terakhir-sebelum-bursa-libur
2022,4,Laba Bank Mandiri Hingga Elon Musk Mau Ketemu Jokowi,https://www.cnbcindonesia.com/market/20220428070125-17-335549/laba-bank-mandiri-hingga-elon-musk-mau-ketemu-jokowi
2022,4,"Net Buy Tipis, IHSG Resmi Keluar Dari Psikologis 7.200",https://www.cnbcindonesia.com/market/20220427154439-17-335403/net-buy-tipis-ihsg-resmi-keluar-dari-psikologis-7200
2022,5,"Asing Belanja Rp 4 T, Saham ADMR Diborong Hingga Rp 1,4 T",https://www.cnbcindonesia.com/market/20220531161843-17-343292/asing-belanja-rp-4-t-saham-admr-diborong-hingga-rp-14-t
2022,5,Top! Saham BBCA Pimpin IHSG ke Jalur Hijau,https://www.cnbcindonesia.com/market/20220531124205-17-343201/top-saham-bbca-pimpin-ihsg-ke-jalur-hijau
2022,5,"Trading Hari Terakhir Mei, Beli TINS-ANTM dan Jual BFIN-LPPF",https://www.cnbcindonesia.com/market/20220531074914-17-343065/trading-hari-terakhir-mei-beli-tins-antm-dan-jual-bfin-lppf
2022,5,"Digeber di Akhir Perdagangan, IHSG Finish di Zona Hijau",https://www.cnbcindonesia.com/market/20220530151501-17-342924/digeber-di-akhir-perdagangan-ihsg-finish-di-zona-hijau
2022,5,Profit Taking Investor Asing Sulitkan IHSG Balik ke 7.000,https://www.cnbcindonesia.com/market/20220530115006-17-342830/profit-taking-investor-asing-sulitkan-ihsg-balik-ke-7000
2022,6,Saham Pilihan Ketika IHSG Masih Sulit Menghijau,https://www.cnbcindonesia.com/market/20220630072919-17-351633/saham-pilihan-ketika-ihsg-masih-sulit-menghijau
2022,6,"Menyambut Direksi Baru BEI, Simak Menu Saham Hari Ini",https://www.cnbcindonesia.com/market/20220629075353-17-351236/menyambut-direksi-baru-bei-simak-menu-saham-hari-ini
2022,6,"Menu Saham Hari Ini, Beli ICBP-JSMR dan Jual CLEO-INCO",https://www.cnbcindonesia.com/market/20220628075739-17-350877/menu-saham-hari-ini-beli-icbp-jsmr-dan-jual-cleo-inco
2022,6,"Wajib Baca! PKPU Garuda, Dividen BIRD Hingga Soal Holywings",https://www.cnbcindonesia.com/market/20220628074608-17-350873/wajib-baca-pkpu-garuda-dividen-bird-hingga-soal-holywings
2022,6,"Beda Sendiri, IHSG Merah Saat Bursa Asia Berhasil Hijau",https://www.cnbcindonesia.com/market/20220627153238-17-350716/beda-sendiri-ihsg-merah-saat-bursa-asia-berhasil-hijau
2022,7,Kinerja Emiten Selamatkan IHSG dari Isu Suku Bunga & Resesi,https://www.cnbcindonesia.com/market/20220730104558-17-359793/kinerja-emiten-selamatkan-ihsg-dari-isu-suku-bunga-resesi
2022,7,"Sempat Terbang Hampir 1%, IHSG Ditutup Koreksi Tipis",https://www.cnbcindonesia.com/market/20220729153828-17-359676/sempat-terbang-hampir-1-ihsg-ditutup-koreksi-tipis
2022,7,"Kebal Resesi AS, IHSG Sesi I Berakhir Menguat 0,47%!",https://www.cnbcindonesia.com/market/20220729113517-17-359586/kebal-resesi-as-ihsg-sesi-i-berakhir-menguat-047
2022,7,"Gak Takut AS Resesi, IHSG Jebol 7.000 Dengan Pasti",https://www.cnbcindonesia.com/market/20220729090556-17-359525/gak-takut-as-resesi-ihsg-jebol-7000-dengan-pasti
2022,7,"Simak Menu Saham di Akhir Bulan, Ada ITMG, GGRM Hingga CPIN",https://www.cnbcindonesia.com/market/20220729073948-17-359498/simak-menu-saham-di-akhir-bulan-ada-itmg-ggrm-hingga-cpin
2022,8,IHSG Berhasil Menguat di Detik-detik Akhir Perdagangan,https://www.cnbcindonesia.com/market/20220831153011-17-368163/ihsg-berhasil-menguat-di-detik-detik-akhir-perdagangan
2022,8,"Pertalite Mau Naik, IHSG Sesi I Drop Nyaris 1%",https://www.cnbcindonesia.com/market/20220831113625-17-368031/pertalite-mau-naik-ihsg-sesi-i-drop-nyaris-1
2022,8,Cek! Sederet Saham Ini Bikin Anda Cuan Jumbo Hari Ini,https://www.cnbcindonesia.com/market/20220830120821-17-367725/cek-sederet-saham-ini-bikin-anda-cuan-jumbo-hari-ini
2022,8,"IHSG Nggak Takut Powell Lagi, Menguat 1% di Sesi Pertama",https://www.cnbcindonesia.com/market/20220830113717-17-367699/ihsg-nggak-takut-powell-lagi-menguat-1-di-sesi-pertama
2022,8,"Pidato 8 Menit Tak Lagi Sakti, Penurunan IHSG Hanya 0,04%",https://www.cnbcindonesia.com/market/20220829152040-17-367471/pidato-8-menit-tak-lagi-sakti-penurunan-ihsg-hanya-004
2022,9,"Masih Merah Sih, Tapi IHSG Sesi I Sudah Kembali ke 7.000-an",https://www.cnbcindonesia.com/market/20220930114412-17-376221/masih-merah-sih-tapi-ihsg-sesi-i-sudah-kembali-ke-7000-an
2022,9,"Wall Street Berguguran Lagi, Semoga IHSG Kuat Hadapi Tekanan",https://www.cnbcindonesia.com/research/20220930045311-128-376114/wall-street-berguguran-lagi-semoga-ihsg-kuat-hadapi-tekanan
2022,9,"Hijau IHSG Cuma Sebentar, Turun 0,1% di Sesi I Siang Ini",https://www.cnbcindonesia.com/market/20220929113511-17-375874/hijau-ihsg-cuma-sebentar-turun-01-di-sesi-i-siang-ini
2022,9,"Tips Cuan Tetap Tebal Meski IHSG Rawan Longsor, Cek Saham Ini",https://www.cnbcindonesia.com/market/20220929080620-17-375801/tips-cuan-tetap-tebal-meski-ihsg-rawan-longsor-cek-saham-ini
2022,9,"Wall Street Akhirnya Rebound, Mampukah IHSG Ikut Bangkit?",https://www.cnbcindonesia.com/research/20220929050940-128-375769/wall-street-akhirnya-rebound-mampukah-ihsg-ikut-bangkit
2022,10,"Awal Pekan Bakal Happy, IHSG Sesi I Berakhir Di Zona Hijau!",https://www.cnbcindonesia.com/market/20221031113317-17-383802/awal-pekan-bakal-happy-ihsg-sesi-i-berakhir-di-zona-hijau
2022,10,"IHSG Masuk Konsolidasi, Ini Menu Pilihan Saham Awal Pekan",https://www.cnbcindonesia.com/market/20221031074214-17-383710/ihsg-masuk-konsolidasi-ini-menu-pilihan-saham-awal-pekan
2022,10,"Asing Mulai Buy Lagi, Gimana Nasib Pasar Keuangan Pekan Ini?",https://www.cnbcindonesia.com/research/20221031003436-128-383665/asing-mulai-buy-lagi-gimana-nasib-pasar-keuangan-pekan-ini
2022,10,"Asing Mulai Buy Lagi, Gimana Nasib Pasar Keuangan Hari Ini?",https://www.cnbcindonesia.com/research/20221031003759-128-383666/asing-mulai-buy-lagi-gimana-nasib-pasar-keuangan-hari-ini
2022,10,"Abaikan PDB AS, IHSG Sesi I Berakhir Di Zona Merah!",https://www.cnbcindonesia.com/market/20221028113349-17-383235/abaikan-pdb-as-ihsg-sesi-i-berakhir-di-zona-merah
2022,11,"Tak Kalah Dengan Bank Digital, Saham Bank Jumbo Naik Kencang",https://www.cnbcindonesia.com/market/20221130160736-17-392576/tak-kalah-dengan-bank-digital-saham-bank-jumbo-naik-kencang
2022,11,"Sedang Moncer, Emiten Perbankan Berisiko Mendadak Turun Nih",https://www.cnbcindonesia.com/research/20221130112925-128-392450/sedang-moncer-emiten-perbankan-berisiko-mendadak-turun-nih
2022,11,Window Dressing Tiba! Ini 5 Saham Langganan Pembawa Cuan,https://www.cnbcindonesia.com/market/20221130000248-17-392310/window-dressing-tiba-ini-5-saham-langganan-pembawa-cuan
2022,11,"Follow The Money, 5 Saham Ini Diborong Asing Sepanjang Tahun",https://www.cnbcindonesia.com/market/20221129224041-17-392305/follow-the-money-5-saham-ini-diborong-asing-sepanjang-tahun
2022,11,Cuan di Market Makin Susah? Baca Info A1 Terbaru Ini,https://www.cnbcindonesia.com/market/20221129215212-17-392303/cuan-di-market-makin-susah-baca-info-a1-terbaru-ini
2022,12,"Gak Ada 'Party' Akhir Tahun, IHSG Kurang Darah",https://www.cnbcindonesia.com/market/20221230091453-17-401402/gak-ada-party-akhir-tahun-ihsg-kurang-darah
2022,12,Gini Respon Investor Asing di Rights Issue BBTN,https://www.cnbcindonesia.com/market/20221230085604-17-401393/gini-respon-investor-asing-di-rights-issue-bbtn
2022,12,Lagi! Saham Orang Terkaya RI Perberat Langkah IHSG,https://www.cnbcindonesia.com/research/20221229095648-128-401087/lagi-saham-orang-terkaya-ri-perberat-langkah-ihsg
2022,12,Ini Nih Biang Kerok yang Bikin IHSG Jebol,https://www.cnbcindonesia.com/research/20221229092905-128-401074/ini-nih-biang-kerok-yang-bikin-ihsg-jebol
2022,12,"Fix Nggak Ada Window Dressing, IHSG Jebol Jelang Akhir Tahun",https://www.cnbcindonesia.com/market/20221229091745-17-401072/fix-nggak-ada-window-dressing-ihsg-jebol-jelang-akhir-tahun
2023,1,Duh! 7 Saham Ini Jadi Beban dan Bikin IHSG Merana,https://www.cnbcindonesia.com/research/20230131102322-128-409582/duh-7-saham-ini-jadi-beban-dan-bikin-ihsg-merana
2023,1,"Dua Big Bank Cuan Luber, Nasib Bank Digital & Daerah Gimana?",https://www.cnbcindonesia.com/research/20230131080624-128-409537/dua-big-bank-cuan-luber-nasib-bank-digital-daerah-gimana
2023,1,"7 Saham Ini Jadi Beban IHSG, Bank Paling 'Nyusahin'",https://www.cnbcindonesia.com/research/20230130105430-128-409212/7-saham-ini-jadi-beban-ihsg-bank-paling-nyusahin
2023,1,"Duh, 4 Saham Bank Raksasa Rontok! Bank Tertua Paling Parah",https://www.cnbcindonesia.com/research/20230130101010-128-409190/duh-4-saham-bank-raksasa-rontok-bank-tertua-paling-parah
2023,1,"Dapat Julukan Bank Cari Aman, BBCA Gak Produktif",https://www.cnbcindonesia.com/research/20230130083041-128-409149/dapat-julukan-bank-cari-aman-bbca-gak-produktif
2023,2,"Mbanking BCA Error, Ini Penjelasan Resmi BCA",https://www.cnbcindonesia.com/market/20230227153800-17-417339/mbanking-bca-error-ini-penjelasan-resmi-bca
2023,2,"Laba Bank Segunung, Tapi Sahamnya Jeblok! Ini Biang Keroknya",https://www.cnbcindonesia.com/research/20230227134344-128-417284/laba-bank-segunung-tapi-sahamnya-jeblok-ini-biang-keroknya
2023,2,"Kenalin, Pewaris Rp 385 Triliun Yang Tetap Membumi",https://www.cnbcindonesia.com/market/20230227062614-17-417106/kenalin-pewaris-rp-385-triliun-yang-tetap-membumi
2023,2,"Tetap Membumi, Orang RI Ini Punya Warisan Rp385 Triliun",https://www.cnbcindonesia.com/market/20230226110528-17-417033/tetap-membumi-orang-ri-ini-punya-warisan-rp385-triliun
2023,2,5 'Pangeran' Terkaya Pemilik Kerajaan Bisnis di Indonesia,https://www.cnbcindonesia.com/market/20230224173556-17-416852/5-pangeran-terkaya-pemilik-kerajaan-bisnis-di-indonesia
2023,3,4 Saham Big Cap Ini Buat IHSG Gagal Hepi di Akhir Pekan,https://www.cnbcindonesia.com/market/20230331135915-17-426223/4-saham-big-cap-ini-buat-ihsg-gagal-hepi-di-akhir-pekan
2023,3,Ini Alasan Kenapa Saham Bank Kakap RI Lagi Malas Gerak,https://www.cnbcindonesia.com/market/20230331104812-17-426128/ini-alasan-kenapa-saham-bank-kakap-ri-lagi-malas-gerak
2023,3,"Pasar Modal Dibanjiri Dana Asing, Kemarin Rp1,2 T Masuk RI",https://www.cnbcindonesia.com/market/20230331074201-17-426045/pasar-modal-dibanjiri-dana-asing-kemarin-rp12-t-masuk-ri
2023,3,"Berkat 4 Saham Big Cap Ini, Koreksi IHSG Tidak Parah",https://www.cnbcindonesia.com/market/20230330134704-17-425853/berkat-4-saham-big-cap-ini-koreksi-ihsg-tidak-parah
2023,3,"Top 10 Saham Tercuan Maret 2023, Nomor 4 Punya Crazy Rich RI",https://www.cnbcindonesia.com/market/20230330074208-17-425700/top-10-saham-tercuan-maret-2023-nomor-4-punya-crazy-rich-ri
2023,4,"Laba Kompak Naik Tinggi, Gerak Saham Bank Raksasa Malah Loyo",https://www.cnbcindonesia.com/market/20230428100946-17-432988/laba-kompak-naik-tinggi-gerak-saham-bank-raksasa-malah-loyo
2023,4,"Pasca Lebaran, 10 Saham Ini Ternyata Banyak Diburu Asing",https://www.cnbcindonesia.com/market/20230428075152-17-432918/pasca-lebaran-10-saham-ini-ternyata-banyak-diburu-asing
2023,4,"Kredit BCA Naik 12% di Kuartal-I 2023, Ini Sektor Andalannya",https://www.cnbcindonesia.com/market/20230428072302-17-432911/kredit-bca-naik-12-di-kuartal-i-2023-ini-sektor-andalannya
2023,4,"4 Bank RI Dengan Laba Terbesar, Nomor 1 Juara Bertahan",https://www.cnbcindonesia.com/market/20230428085104-17-432950/4-bank-ri-dengan-laba-terbesar-nomor-1-juara-bertahan
2023,4,"Efek Ganjar & Anies, IHSG Jebol 7.000? Yuk Bisa Yuk...",https://www.cnbcindonesia.com/market/20230428001133-17-432884/efek-ganjar-anies-ihsg-jebol-7000-yuk-bisa-yuk
2023,5,"Breaking! IHSG Ambruk 1% Lebih, Ini Penyebabnya",https://www.cnbcindonesia.com/market/20230531135553-17-442187/breaking-ihsg-ambruk-1-lebih-ini-penyebabnya
2023,5,"4 Saham Big Cap Ini Topang IHSG, Batasi Koreksi Lebih Dalam",https://www.cnbcindonesia.com/market/20230531123217-17-442140/4-saham-big-cap-ini-topang-ihsg-batasi-koreksi-lebih-dalam
2023,5,"Sempat Menghijau di Awal Perdagangan, Saham Bank RI Loyo Juga",https://www.cnbcindonesia.com/market/20230531114511-17-442118/sempat-menghijau-di-awal-perdagangan-saham-bank-ri-loyo-juga
2023,5,Asing Ramai-Ramai Beli BBCA hingga GOTO Kemarin,https://www.cnbcindonesia.com/market/20230531060120-17-441995/asing-ramai-ramai-beli-bbca-hingga-goto-kemarin
2023,5,"Gak Main-Main Soal Kredit Hijau, Begini Capaian BBCA dan BMRI",https://www.cnbcindonesia.com/market/20230530234032-17-441981/gak-main-main-soal-kredit-hijau-begini-capaian-bbca-dan-bmri
2023,6,"Jadwal BCA, BRI, Bank Mandiri, BNI Saat Cuti Bersama Iduladha",https://www.cnbcindonesia.com/market/20230627093954-17-449560/jadwal-bca-bri-bank-mandiri-bni-saat-cuti-bersama-iduladha
2023,6,Daftar Kantor BCA Buka Weekend Saat Libur 5 hari Idul Adha,https://www.cnbcindonesia.com/market/20230626065337-17-449122/daftar-kantor-bca-buka-weekend-saat-libur-5-hari-idul-adha
2023,6,"IHSG Pekan Lalu Masih Merah, Asing Buang Saham Ini",https://www.cnbcindonesia.com/market/20230626062904-17-449106/ihsg-pekan-lalu-masih-merah-asing-buang-saham-ini
2023,6,"Duit Masih Banyak, Bank Ini Santai Aja BI Tahan Suku Bunga",https://www.cnbcindonesia.com/research/20230622161532-128-448400/duit-masih-banyak-bank-ini-santai-aja-bi-tahan-suku-bunga
2023,6,Transfer Online Blu ke BCA Kena Biaya per 29 Juni 2023,https://www.cnbcindonesia.com/market/20230621101229-17-447880/transfer-online-blu-ke-bca-kena-biaya-per-29-juni-2023
2023,7,"STAR AM Bidik Dana Kelolaan Rp100 M, Bank Jadi Andalan",https://www.cnbcindonesia.com/market/20230731170117-17-458850/star-am-bidik-dana-kelolaan-rp100-m-bank-jadi-andalan
2023,7,"IHSG Lesu Lagi, 7 Saham Ini yang Membebaninya",https://www.cnbcindonesia.com/market/20230728102351-17-458065/ihsg-lesu-lagi-7-saham-ini-yang-membebaninya
2023,7,Pemilik Rekening BCA! Cek Ini Biar Bebas Penipuan Digital,https://www.cnbcindonesia.com/market/20230728083219-17-458034/pemilik-rekening-bca-cek-ini-biar-bebas-penipuan-digital
2023,7,Terungkap! Ini Penyebab IHSG Batal Double Hattrick Kemarin,https://www.cnbcindonesia.com/market/20230728005000-17-457981/terungkap-ini-penyebab-ihsg-batal-double-hattrick-kemarin
2023,7,"IHSG Gagal Double Hattrick, Asing Lepas Saham Ini Berjamaah",https://www.cnbcindonesia.com/market/20230728060637-17-457988/ihsg-gagal-double-hattrick-asing-lepas-saham-ini-berjamaah
2023,8,"Korporasi Galang Dana Rp 172 T di Bursa, Banyak dari IPO",https://www.cnbcindonesia.com/market/20230831162856-17-467937/korporasi-galang-dana-rp-172-t-di-bursa-banyak-dari-ipo
2023,8,Sakti! IHSG Jadi Raja Asia di Agustus! Hong Kong Pecundang,https://www.cnbcindonesia.com/research/20230831074634-128-467697/sakti-ihsg-jadi-raja-asia-di-agustus-hong-kong-pecundang
2023,8,Asing Terciduk Lepas 10 Saham Ini Kala IHSG Pesta Pora,https://www.cnbcindonesia.com/market/20230831073332-17-467695/asing-terciduk-lepas-10-saham-ini-kala-ihsg-pesta-pora
2023,8,"IHSG Berjaya Dua Hari Beruntun, Asing Serok 10 Saham Ini",https://www.cnbcindonesia.com/market/20230830064737-17-467326/ihsg-berjaya-dua-hari-beruntun-asing-serok-10-saham-ini
2023,8,Asing Diam-diam Malah Lego 10 Saham Ini Kala IHSG Menguat,https://www.cnbcindonesia.com/market/20230829072029-17-466942/asing-diam-diam-malah-lego-10-saham-ini-kala-ihsg-menguat
2023,9,"IHSG Menguat, Asing Terciduk Lepas Saham BBCA Hingga GOTO",https://www.cnbcindonesia.com/market/20230929065036-17-476337/ihsg-menguat-asing-terciduk-lepas-saham-bbca-hingga-goto
2023,9,"Erick Thohir Blak-Blakan Soal Bursa Karbon, Ini Tanggapannya",https://www.cnbcindonesia.com/market/20230927181410-17-476142/erick-thohir-blak-blakan-soal-bursa-karbon-ini-tanggapannya
2023,9,"Musim Dividen Sebentar Lagi,  Siap-Siap Dapat Uang Kaget",https://www.cnbcindonesia.com/research/20230926164755-128-475714/musim-dividen-sebentar-lagi-siap-siap-dapat-uang-kaget
2023,9,"BCA akan Tutup Rekening Saldo Nol Rupiah, Catat Tanggalnya",https://www.cnbcindonesia.com/market/20230927102051-17-475896/bca-akan-tutup-rekening-saldo-nol-rupiah-catat-tanggalnya
2023,9,Ini Alasan Bank Kompak Jadi Pembeli Perdana di Bursa Karbon,https://www.cnbcindonesia.com/market/20230927072414-17-475833/ini-alasan-bank-kompak-jadi-pembeli-perdana-di-bursa-karbon
2023,10,"3 Bank RI Dengan Laba Terbesar, Cek Sahamnya",https://www.cnbcindonesia.com/market/20231031123941-17-485154/3-bank-ri-dengan-laba-terbesar-cek-sahamnya
2023,10,Berlaku Besok! Cek Aturan Terbaru Penutupan Rekening BCA,https://www.cnbcindonesia.com/market/20231031113057-17-485113/berlaku-besok-cek-aturan-terbaru-penutupan-rekening-bca
2023,10,"IHSG 6.700, Asing Ramai-Ramai Borong Saham Ini",https://www.cnbcindonesia.com/market/20231031070155-17-485015/ihsg-6700-asing-ramai-ramai-borong-saham-ini
2023,10,"Asing Jual Saham Rp 17,24 T! Ini yang Paling Banyak Dilepas",https://www.cnbcindonesia.com/market/20231030064533-17-484664/asing-jual-saham-rp-1724-t-ini-yang-paling-banyak-dilepas
2023,10,Diam-Diam Asing Sudah Bawa Kabur Rp 6 Triliun dari RI,https://www.cnbcindonesia.com/research/20231029233245-128-484647/diam-diam-asing-sudah-bawa-kabur-rp-6-triliun-dari-ri
2023,11,"Bank AS & Eropa Cabut dari RI, Bank di Asia Kok Makin Agresif",https://www.cnbcindonesia.com/market/20231130132001-17-493353/bank-as-eropa-cabut-dari-ri-bank-di-asia-kok-makin-agresif
2023,11,OK Bank Raih Kredit Rp 400 M dari BCA,https://www.cnbcindonesia.com/market/20231130150419-17-493391/ok-bank-raih-kredit-rp-400-m-dari-bca
2023,11,"Korporasi Tahan Diri Jelang Pemilu, BCA Bidik Kredit Naik 11%",https://www.cnbcindonesia.com/market/20231130063450-17-493201/korporasi-tahan-diri-jelang-pemilu-bca-bidik-kredit-naik-11
2023,11,"IHSG Kurang Tenaga, Saham Ini Dibuang Asing",https://www.cnbcindonesia.com/market/20231130062112-17-493195/ihsg-kurang-tenaga-saham-ini-dibuang-asing
2023,11,Bos BCA Ungkap Strategi Himpun Tabungan & Penyebab DPK Lesu,https://www.cnbcindonesia.com/market/20231129172222-17-493089/bos-bca-ungkap-strategi-himpun-tabungan-penyebab-dpk-lesu
2023,12,"IHSG 2023 Tak Terbendung, Catat Rekor Baru Hingga Sentuh 7300",https://www.cnbcindonesia.com/research/20231230023432-128-501422/ihsg-2023-tak-terbendung-catat-rekor-baru-hingga-sentuh-7300
2023,12,Gelembung Perusahaan Prajogo dari Kaca Mata Emiten BUMN Top 4,https://www.cnbcindonesia.com/market/20231229133426-17-501262/gelembung-perusahaan-prajogo-dari-kaca-mata-emiten-bumn-top-4
2023,12,"Uang Beredar Naik 104% di Natal & Tahun Baru, Capai Rp126 T",https://www.cnbcindonesia.com/news/20231229100445-4-501200/uang-beredar-naik-104-di-natal-tahun-baru-capai-rp126-t
2023,12,IPO di 2023 Jadi Rekor Baru dalam Sejarah RI Tapi....,https://www.cnbcindonesia.com/research/20231229010741-128-501122/ipo-di-2023-jadi-rekor-baru-dalam-sejarah-ri-tapi
2023,12,"IHSG Cetak Rekor 2023, Asing Borong Saham Ini",https://www.cnbcindonesia.com/market/20231229064048-17-501135/ihsg-cetak-rekor-2023-asing-borong-saham-ini
2024,1,Asing Terciduk Diam-diam Borong Saham Bank RI Kala IHSG Hijau,https://www.cnbcindonesia.com/market/20240131063918-17-510332/asing-terciduk-diam-diam-borong-saham-bank-ri-kala-ihsg-hijau
2024,1,"IHSG Sumringah Lagi, GOTO & 4 Saham Bank Jumbo Jadi Pendorong",https://www.cnbcindonesia.com/market/20240130161415-17-510212/ihsg-sumringah-lagi-goto-4-saham-bank-jumbo-jadi-pendorong
2024,1,Bukan Rokok! Ternyata Ini Sumber Utama Duit Duo Hartono,https://www.cnbcindonesia.com/research/20240130093353-128-510052/bukan-rokok-ternyata-ini-sumber-utama-duit-duo-hartono
2024,1,"Waspada, Beredar Pengumuman HOAX Skema Biaya Transfer BCA",https://www.cnbcindonesia.com/market/20240130065751-17-510002/waspada-beredar-pengumuman-hoax-skema-biaya-transfer-bca
2024,1,"IHSG Rebound Usai 3 Hari Terkapar, Asing Borong 10 Saham Ini",https://www.cnbcindonesia.com/market/20240130064905-17-509998/ihsg-rebound-usai-3-hari-terkapar-asing-borong-10-saham-ini
2024,2,"IHSG Lesu Lagi, Turun 0,17% Hari Ini",https://www.cnbcindonesia.com/market/20240229163735-17-518665/ihsg-lesu-lagi-turun-017-hari-ini
2024,2,Ini Kata Bos Bank Mandiri (BMRI) Soal Potensi Akuisisi Bank Digital,https://www.cnbcindonesia.com/market/20240229112342-17-518546/ini-kata-bos-bank-mandiri--bmri--soal-potensi-akuisisi-bank-digital
2024,2,"Saham BBCA Sentuh Rp 10.000 & Dekati ATH, Bakal Stock Split Lagi?",https://www.cnbcindonesia.com/market/20240229072956-17-518483/saham-bbca-sentuh-rp-10000-dekati-ath-bakal-stock-split-lagi
2024,2,"IHSG Tancap Gas, 10 Saham Ini Ramai-Ramai Diborong Asing",https://www.cnbcindonesia.com/market/20240229070752-17-518468/ihsg-tancap-gas-10-saham-ini-ramai-ramai-diborong-asing
2024,2,"IHSG Naik 0,59%, BREN & BBRI Jadi Penopang",https://www.cnbcindonesia.com/market/20240228161421-17-518372/ihsg-naik-059-bren-bbri-jadi-penopang
2024,3,Bukan Saham Bukan Obligasi! Investasi Ini Cuan 15% dalam  3 Bulan,https://www.cnbcindonesia.com/mymoney/20240330202530-72-526748/bukan-saham-bukan-obligasi-investasi-ini-cuan-15-dalam-3-bulan
2024,3,"Wow, Ada Raksasa Setara 4 Bank KBMI IV di Belakang KB Bank",https://www.cnbcindonesia.com/market/20240328113230-17-526250/wow-ada-raksasa-setara-4-bank-kbmi-iv-di-belakang-kb-bank
2024,3,Asing Terciduk Borong 10 Saham Ini Kala IHSG Ambles,https://www.cnbcindonesia.com/market/20240328070841-17-526148/asing-terciduk-borong-10-saham-ini-kala-ihsg-ambles
2024,3,5 Kabar Penting Bursa: 221 Saham Masuk Pemantauan Khusus - Asing Obral,https://www.cnbcindonesia.com/research/20240328055832-128-526134/5-kabar-penting-bursa-221-saham-masuk-pemantauan-khusus--asing-obral
2024,3,"Mau Dapat Dividen Rp5 Juta/Bulan dari Big Bank, Harus Modal Berapa?",https://www.cnbcindonesia.com/research/20240327130647-128-525960/mau-dapat-dividen-rp5-juta-bulan-dari-big-bank-harus-modal-berapa
2024,4,"IHSG Balik Arah Menguat, Asing Ketahuan Berburu Saham Ini",https://www.cnbcindonesia.com/market/20240430070955-17-534481/ihsg-balik-arah-menguat-asing-ketahuan-berburu-saham-ini
2024,4,Ini Saham Incaran Asing Saat IHSG Kebakaran,https://www.cnbcindonesia.com/market/20240429063255-17-534122/ini-saham-incaran-asing-saat-ihsg-kebakaran
2024,4,"Pekan Bergejolak: ""Tsunami"" Sentimen AS & Fed, Kabar Inflasi-Investasi",https://www.cnbcindonesia.com/research/20240428195917-128-534112/pekan-bergejolak-tsunami-sentimen-as-fed-kabar-inflasi-investasi
2024,4,"BBCA Tumbang, BREN Jadi Emiten Kapitalisasi Pasar Nomor 1 di RI",https://www.cnbcindonesia.com/market/20240426102211-17-533646/bbca-tumbang-bren-jadi-emiten-kapitalisasi-pasar-nomor-1-di-ri
2024,4,Saham Blue Chip RI Kompak Dibuang Asing Kala IHSG Merah,https://www.cnbcindonesia.com/market/20240426071038-17-533565/saham-blue-chip-ri-kompak-dibuang-asing-kala-ihsg-merah
2024,5,Harta Prajogo Pangestu Lenyap Rp 151 T Semalam,https://www.cnbcindonesia.com/market/20240531150550-17-542828/harta-prajogo-pangestu-lenyap-rp-151-t-semalam
2024,5,"Asing Net Sell Rp 1,18 T, Terciduk Banyak Jual Saham Ini",https://www.cnbcindonesia.com/market/20240531070715-17-542641/asing-net-sell-rp-118-t-terciduk-banyak-jual-saham-ini
2024,5,"Tak Jadi Jeblok, Saham Big Bank Kompak Rebound!",https://www.cnbcindonesia.com/research/20240530154858-128-542502/tak-jadi-jeblok-saham-big-bank-kompak-rebound
2024,5,"4 Fakta Saham Prajogo Pangestu BREN: ""Di Luar Nurul & Gak Habis Fikri""",https://www.cnbcindonesia.com/research/20240530120444-128-542417/4-fakta-saham-prajogo-pangestu-bren-di-luar-nurul-gak-habis-fikri
2024,5,"Valuasi Saham Perbankan Big Caps Setelah Harganya Ambruk, Makin Murah?",https://www.cnbcindonesia.com/research/20240530082430-128-542333/valuasi-saham-perbankan-big-caps-setelah-harganya-ambruk-makin-murah
2024,6,"Dulu Raja Kain Ikon Penguasa, Sekarang Malah Tertimbun Utang",https://www.cnbcindonesia.com/market/20240628134050-17-550228/dulu-raja-kain-ikon-penguasa-sekarang-malah-tertimbun-utang
2024,6,Ada Transaksi Jumbo di Saham INCO dan AMMN,https://www.cnbcindonesia.com/market/20240628122329-17-550184/ada-transaksi-jumbo-di-saham-inco-dan-ammn
2024,6,"Saham Bank Raksasa Tancap Gas: BRI, BNI, Mandiri & BCA Siapa Juara?",https://www.cnbcindonesia.com/research/20240628103232-128-550142/saham-bank-raksasa-tancap-gas-bri-bni-mandiri-bca-siapa-juara
2024,6,Asing Kompak Beli Saham Ini Saat IHSG Hijau,https://www.cnbcindonesia.com/market/20240628072042-17-550063/asing-kompak-beli-saham-ini-saat-ihsg-hijau
2024,6,"Berkat Saham Bank Raksasa, IHSG Bergairah & Dekati Level 7.000",https://www.cnbcindonesia.com/market/20240627161539-17-549948/berkat-saham-bank-raksasa-ihsg-bergairah-dekati-level-7000
2024,7,"IHSG Sumringah, 5 Saham Raksasa Ini Jadi Penopangnya",https://www.cnbcindonesia.com/market/20240731120548-17-559162/ihsg-sumringah-5-saham-raksasa-ini-jadi-penopangnya
2024,7,"10 Emiten ""Sejuta Umat"",  Pemegang Sahamnya Hampir 3 Juta",https://www.cnbcindonesia.com/research/20240731064051-128-559042/10-emiten-sejuta-umat-pemegang-sahamnya-hampir-3-juta
2024,7,"IHSG Masih Kurang Tenaga, Asing Ketahuan Jual Saham Ini",https://www.cnbcindonesia.com/market/20240731064002-17-559040/ihsg-masih-kurang-tenaga-asing-ketahuan-jual-saham-ini
2024,7,Asing Kompak Berburu 10 Saham Ini,https://www.cnbcindonesia.com/market/20240730064300-17-558643/asing-kompak-berburu-10-saham-ini
2024,7,Duo Hartono Tambah 300 Juta Saham di Sarana Menara (TOWR),https://www.cnbcindonesia.com/market/20240729084124-17-558316/duo-hartono-tambah-300-juta-saham-di-sarana-menara--towr-
2024,8,"Ini Bocoran Dividen BBRI, BMRI, BBCA, dan BBNI Tahun Depan",https://www.cnbcindonesia.com/market/20240830152620-17-567829/ini-bocoran-dividen-bbri-bmri-bbca-dan-bbni-tahun-depan
2024,8,Mau Hibahkan Saham ke Anak Kayak Low Tuck Kwong? Ini Keuntungannya,https://www.cnbcindonesia.com/mymoney/20240829152448-72-567513/mau-hibahkan-saham-ke-anak-kayak-low-tuck-kwong-ini-keuntungannya
2024,8,Daftar 10 Bank RI Dengan Laba Terbesar Sepanjang Semester I-2024,https://www.cnbcindonesia.com/market/20240830101627-17-567702/daftar-10-bank-ri-dengan-laba-terbesar-sepanjang-semester-i-2024
2024,8,"IHSG Lagi Loyo, Asing Tetap Ngegas Borong Saham Ini",https://www.cnbcindonesia.com/market/20240830064406-17-567628/ihsg-lagi-loyo-asing-tetap-ngegas-borong-saham-ini
2024,8,"Ada Kabar Maybank (BNII) Mau Beli Saham Bank Panin (PNBN), Benarkah?",https://www.cnbcindonesia.com/market/20240829131325-17-567462/ada-kabar-maybank--bnii--mau-beli-saham-bank-panin--pnbn--benarkah
2024,9,"Asing Makin Getol Keluar Dari RI, IHSG Ambruk 2% Lebih",https://www.cnbcindonesia.com/market/20240930161328-17-575780/asing-makin-getol-keluar-dari-ri-ihsg-ambruk-2-lebih
2024,9,"Asing Masih Kabur dari RI, IHSG Ambles 1% Lebih di Sesi I",https://www.cnbcindonesia.com/market/20240930121329-17-575656/asing-masih-kabur-dari-ri-ihsg-ambles-1-lebih-di-sesi-i
2024,9,5 Saham Ini yang Bikin IHSG Ambruk,https://www.cnbcindonesia.com/market/20240930102943-17-575620/5-saham-ini-yang-bikin-ihsg-ambruk
2024,9,"Net Sell Rp 2,35 T, Asing Terciduk Kompak Lepas 10 Saham Ini",https://www.cnbcindonesia.com/market/20240930065331-17-575552/net-sell-rp-235-t-asing-terciduk-kompak-lepas-10-saham-ini
2024,9,Raja Tekstil RI Kini Tenggelam Tertimbun Utang Ratusan Miliar,https://www.cnbcindonesia.com/market/20240929085025-17-575413/raja-tekstil-ri-kini-tenggelam-tertimbun-utang-ratusan-miliar
2024,10,"IHSG Ditutup Naik Tipis, tapi Gagal Balik Ke 7.600-an",https://www.cnbcindonesia.com/market/20241031161554-17-584631/ihsg-ditutup-naik-tipis-tapi-gagal-balik-ke-7600-an
2024,10,IHSG Mulai Pulih Diselamatkan Oleh Deretan Saham Ini,https://www.cnbcindonesia.com/market/20241031130746-17-584549/ihsg-mulai-pulih-diselamatkan-oleh-deretan-saham-ini
2024,10,"IHSG Balik ke 7.500, Asing Kompak Lepas Saham Blue Chip",https://www.cnbcindonesia.com/market/20241031072711-17-584428/ihsg-balik-ke-7500-asing-kompak-lepas-saham-blue-chip
2024,10,"IHSG Ditutup Loyo Lagi, Sudah 6 Hari Merana",https://www.cnbcindonesia.com/market/20241030161145-17-584307/ihsg-ditutup-loyo-lagi-sudah-6-hari-merana
2024,10,"IHSG Anjlok 1%, Ternyata Ini Penyebabnya",https://www.cnbcindonesia.com/market/20241030112647-17-584153/ihsg-anjlok-1-ternyata-ini-penyebabnya
2024,11,"Cek Gurita Bisnis Salim, Raja Mie Instan hingga Tambang Emas RI",https://www.cnbcindonesia.com/market/20241130004746-17-592317/cek-gurita-bisnis-salim-raja-mie-instan-hingga-tambang-emas-ri
2024,11,"IHSG Longsor Setelah Pilkada, Asing Ramai-Ramai Jual Saham Ini",https://www.cnbcindonesia.com/market/20241129061648-17-592010/ihsg-longsor-setelah-pilkada-asing-ramai-ramai-jual-saham-ini
2024,11,"Gurita Bisnis Salim Kuasai Ritel, Data Center Hingga Tambang RI",https://www.cnbcindonesia.com/market/20241128083641-17-591713/gurita-bisnis-salim-kuasai-ritel-data-center-hingga-tambang-ri
2024,11,"IHSG Ambruk Sebelum Pilkada, Asing Terciduk Lego 10 Saham Ini",https://www.cnbcindonesia.com/market/20241128075433-17-591706/ihsg-ambruk-sebelum-pilkada-asing-terciduk-lego-10-saham-ini
2024,11,"IHSG Balik Merana, Balik Ke 7.200-an Lagi",https://www.cnbcindonesia.com/market/20241126161550-17-591305/ihsg-balik-merana-balik-ke-7200-an-lagi
2024,12,"Biaya Ganti & Cetak Kartu BCA per 15 Januari 2024, Ada yang Naik 100%",https://www.cnbcindonesia.com/market/20241231075146-17-599705/biaya-ganti-cetak-kartu-bca-per-15-januari-2024-ada-yang-naik-100
2024,12,Ketakutan Jokowi Muncul Lagi di Era Prabowo,https://www.cnbcindonesia.com/market/20241230144106-17-599565/ketakutan-jokowi-muncul-lagi-di-era-prabowo
2024,12,"IHSG Kurang Gairah, Saham Bank Raksasa Masih Tertekan",https://www.cnbcindonesia.com/market/20241230121729-17-599503/ihsg-kurang-gairah-saham-bank-raksasa-masih-tertekan
2024,12,"Fenomena Bank Asing Angkat Kaki dari RI, Terbaru Bank Asal Australia",https://www.cnbcindonesia.com/market/20241230084950-17-599429/fenomena-bank-asing-angkat-kaki-dari-ri-terbaru-bank-asal-australia
2024,12,BI Pastikan Transaksi QRIS di Bawah Rp 500 Ribu Bebas PPN,https://www.cnbcindonesia.com/market/20241228150634-17-599233/bi-pastikan-transaksi-qris-di-bawah-rp-500-ribu-bebas-ppn
2025,1,Diam-Diam Asing Banyak Jual Saham Ini,https://www.cnbcindonesia.com/market/20250131063409-17-606855/diam-diam-asing-banyak-jual-saham-ini
2025,1,"The Fed Tahan Suku Bunga, Mampukah IHSG Capai Rp8.000?",https://www.cnbcindonesia.com/market/20250130172701-17-606786/the-fed-tahan-suku-bunga-mampukah-ihsg-capai-rp8000
2025,1,Investor Tunggu Dividen! Ini Prediksi BCA-BNI-BRI-Mandiri Tahun Ini,https://www.cnbcindonesia.com/research/20250130105839-128-606635/investor-tunggu-dividen-ini-prediksi-bca-bni-bri-mandiri-tahun-ini
2025,1,"Gara-Gara The Fed, IHSG Merah Lagi Habis Libur Panjang!",https://www.cnbcindonesia.com/research/20250130095343-128-606603/gara-gara-the-fed-ihsg-merah-lagi-habis-libur-panjang
2025,1,"IHSG Longsor Lagi ke 7.100, Asing Banyak Jual Saham Ini",https://www.cnbcindonesia.com/market/20250130055802-17-606534/ihsg-longsor-lagi-ke-7100-asing-banyak-jual-saham-ini
2025,2,"IHSG Amburadul, Bankir Kompak Bilang Gini",https://www.cnbcindonesia.com/market/20250228162004-17-614535/ihsg-amburadul-bankir-kompak-bilang-gini
2025,2,"Asing Keluar Rp8 T Seminggu, Ini Sederet Penyebab IHSG Ambrol!",https://www.cnbcindonesia.com/research/20250228111137-128-614397/asing-keluar-rp8-t-seminggu-ini-sederet-penyebab-ihsg-ambrol
2025,2,"Robert Kiyosaki Ramal Pasar Saham Ambruk, Begini Kondisi IHSG",https://www.cnbcindonesia.com/market/20250228072259-17-614320/robert-kiyosaki-ramal-pasar-saham-ambruk-begini-kondisi-ihsg
2025,2,"IHSG Ditekan Aksi Jual Asing, Net Sell Tembus Rp1,78 Triliun",https://www.cnbcindonesia.com/market/20250228064750-17-614314/ihsg-ditekan-aksi-jual-asing-net-sell-tembus-rp178-triliun
2025,2,"Perang Dagang Datang di Awal Ramadhan, IHSG- Rupiah Bisa Terguncang",https://www.cnbcindonesia.com/research/20250227142453-128-614150/perang-dagang-datang-di-awal-ramadhan-ihsg-rupiah-bisa-terguncang
2025,3,"Kelas Menengah RI Makin Susah, Ini Buktinya",https://www.cnbcindonesia.com/market/20250329073907-17-622664/kelas-menengah-ri-makin-susah-ini-buktinya
2025,3,"Investor Profit Taking Saham Bank, IHSG Pagi Ini Lesu",https://www.cnbcindonesia.com/market/20250327091732-17-622164/investor-profit-taking-saham-bank-ihsg-pagi-ini-lesu
2025,3,"Asing Berebutan Masuk IHSG,  Aliran Dana Masuk ke RI Tembus Rekor",https://www.cnbcindonesia.com/research/20250327085033-128-622154/asing-berebutan-masuk-ihsg-aliran-dana-masuk-ke-ri-tembus-rekor
2025,3,"Asing Net Buy Rp 2,58 Triliun, Saham Bank Diburu",https://www.cnbcindonesia.com/market/20250327072240-17-622129/asing-net-buy-rp-258-triliun-saham-bank-diburu
2025,3,"Asing Mulai Masuk Lagi, Saham BBRI & BMRI Diserbu",https://www.cnbcindonesia.com/market/20250326055954-17-621742/asing-mulai-masuk-lagi-saham-bbri-bmri-diserbu
2025,4,IHSG Lanjutkan Reli Sebelum Libur Hari Buruh,https://www.cnbcindonesia.com/market/20250430161715-17-630037/ihsg-lanjutkan-reli-sebelum-libur-hari-buruh
2025,4,IHSG Kembali Perkasa Dekati Level 6.800 Sambut Musim Rilis Lapkeu,https://www.cnbcindonesia.com/market/20250430122500-17-629910/ihsg-kembali-perkasa-dekati-level-6800-sambut-musim-rilis-lapkeu
2025,4,"Adu Kredit Big Bank RI per Maret, Siapa Paling Agresif Dorong Ekonomi?",https://www.cnbcindonesia.com/research/20250430112008-128-629894/adu-kredit-big-bank-ri-per-maret-siapa-paling-agresif-dorong-ekonomi
2025,4,"IHSG Lanjut Menguat, Asing Malah Lepas 10 Saham Ini",https://www.cnbcindonesia.com/market/20250430071741-17-629821/ihsg-lanjut-menguat-asing-malah-lepas-10-saham-ini
2025,4,Asing Terciduk Borong Saham BBRI hingga ANTM Kala IHSG Menguat,https://www.cnbcindonesia.com/market/20250429073428-17-629512/asing-terciduk-borong-saham-bbri-hingga-antm-kala-ihsg-menguat
2025,5,Asing Balik Rp6 T Sebulan! Ini Saham Paling Banyak Diborong Vs Dijual,https://www.cnbcindonesia.com/research/20250530102810-128-637312/asing-balik-rp6-t-sebulan-ini-saham-paling-banyak-diborong-vs-dijual
2025,5,Asing Banyak Lepas Saham Ini Jelang Libur Panjang,https://www.cnbcindonesia.com/market/20250528062544-17-636819/asing-banyak-lepas-saham-ini-jelang-libur-panjang
2025,5,"RI Dibanjiri Kabar Positif Sebelum Libur Panjang, Semoga Investor Cuan",https://www.cnbcindonesia.com/research/20250527194226-128-636769/ri-dibanjiri-kabar-positif-sebelum-libur-panjang-semoga-investor-cuan
2025,5,"IHSG Menguat Dalam Perdagangan Volatil, Digendong Saham BRPT-BBRI",https://www.cnbcindonesia.com/market/20250527162109-17-636711/ihsg-menguat-dalam-perdagangan-volatil-digendong-saham-brpt-bbri
2025,5,IHSG Tiba-tiba Balik Arah ke Zona Merah Tertekan Kinerja Saham BBCA,https://www.cnbcindonesia.com/market/20250527113057-17-636609/ihsg-tiba-tiba-balik-arah-ke-zona-merah-tertekan-kinerja-saham-bbca
2025,6,"Asing Tarik Dana dari Bursa RI, Kompak Lepas Deretan Saham Ini",https://www.cnbcindonesia.com/market/20250630074700-17-644793/asing-tarik-dana-dari-bursa-ri-kompak-lepas-deretan-saham-ini
2025,6,"BRI, Mandiri hingga Bayan Resources Jadi Perusahaan Terbesar di ASEAN",https://www.cnbcindonesia.com/research/20250627154523-128-644440/bri-mandiri-hingga-bayan-resources-jadi-perusahaan-terbesar-di-asean
2025,6,IHSG OTW Happy Long Weekend Digendong Saham BMRI-TLKM,https://www.cnbcindonesia.com/market/20250626124007-17-644158/ihsg-otw-happy-long-weekend-digendong-saham-bmri-tlkm
2025,6,"Grup Djarum Susul Astra Masuk ke Saham HEAL, Begini Prospeknya!",https://www.cnbcindonesia.com/research/20250626101214-128-644085/grup-djarum-susul-astra-masuk-ke-saham-heal-begini-prospeknya
2025,6,"Asing Net Sell Rp 1 T, Lepas Saham-Saham Ini Kala IHSG Merah",https://www.cnbcindonesia.com/market/20250626080618-17-644040/asing-net-sell-rp-1-t-lepas-saham-saham-ini-kala-ihsg-merah
2025,7,"Saham Emiten Toto Sugiri (DCII) Digembok 5 Hari, Bos BEI Buka Suara",https://www.cnbcindonesia.com/market/20250731184002-17-654021/saham-emiten-toto-sugiri--dcii--digembok-5-hari-bos-bei-buka-suara
2025,7,"IHSG Melemah 0,87% Tertekan Kinerja Emiten Perbankan Raksasa",https://www.cnbcindonesia.com/market/20250731161221-17-653989/ihsg-melemah-087-tertekan-kinerja-emiten-perbankan-raksasa
2025,7,"IHSG Terkoreksi 0,38% Terbebani Kinerja BBCA",https://www.cnbcindonesia.com/market/20250731120444-17-653868/ihsg-terkoreksi-038-terbebani-kinerja-bbca
2025,7,"Saham Termahal BEI, Sudah Suspen 5 Hari : Gimana Prospek DCII?",https://www.cnbcindonesia.com/research/20250731060700-128-653732/saham-termahal-bei-sudah-suspen-5-hari-gimana-prospek-dcii
2025,7,Asing Terciduk Kompak Lego 10 Saham Ini Kala IHSG Ambruk,https://www.cnbcindonesia.com/market/20250731073306-17-653746/asing-terciduk-kompak-lego-10-saham-ini-kala-ihsg-ambruk
2025,8,"IHSG Menguap Rp195 Triliun dalam Sehari, Asing Kabur & Obral Saham Ini",https://www.cnbcindonesia.com/research/20250830074330-128-662811/ihsg-menguap-rp195-triliun-dalam-sehari-asing-kabur-obral-saham-ini
2025,8,"IHSG Pangkas Koreksi, Turun 1,53% ke 7.830",https://www.cnbcindonesia.com/market/20250829160612-17-662648/ihsg-pangkas-koreksi-turun-153-ke-7830
2025,8,"IHSG Ambruk Kala Demo Besar, Rp 284 T Lenyap dari Pasar Modal",https://www.cnbcindonesia.com/market/20250829120906-17-662522/ihsg-ambruk-kala-demo-besar-rp-284-t-lenyap-dari-pasar-modal
2025,8,"IHSG Terpukul Aksi Demo, Saham Big Cap & Prajogo Jadi Penekan",https://www.cnbcindonesia.com/market/20250829091952-17-662424/ihsg-terpukul-aksi-demo-saham-big-cap-prajogo-jadi-penekan
2025,8,"IHSG Otw 8.000, Saham Bank Jadi Incaran Asing",https://www.cnbcindonesia.com/market/20250828215927-17-662346/ihsg-otw-8000-saham-bank-jadi-incaran-asing
2025,9,"IHSG Berakhir Turun 0,77%, Saham Bank Jumbo dan Prajogo Jadi Beban",https://www.cnbcindonesia.com/market/20250930161502-17-671630/ihsg-berakhir-turun-077-saham-bank-jumbo-dan-prajogo-jadi-beban
2025,9,"IHSG Turun 0,33%, Tiga Saham Diburu Saat Emiten Bank Jumbo Rontok",https://www.cnbcindonesia.com/market/20250930120706-17-671485/ihsg-turun-033-tiga-saham-diburu-saat-emiten-bank-jumbo-rontok
2025,9,10 Saham Ini Ramai Jadi Incaran Asing Kala IHSG Hijau,https://www.cnbcindonesia.com/market/20250930082703-17-671358/10-saham-ini-ramai-jadi-incaran-asing-kala-ihsg-hijau
2025,9,"Saham Permata Bank (BNLI) Melesat 530% Tahun Ini, Ada Apa?",https://www.cnbcindonesia.com/market/20250929171134-17-671228/saham-permata-bank--bnli--melesat-530-tahun-ini-ada-apa
2025,9,"Netizen Teriak BCA Mobile & MyBCA Kompak Error, Ini Kata Manajemen",https://www.cnbcindonesia.com/market/20250929084732-17-670940/netizen-teriak-bca-mobile-mybca-kompak-error-ini-kata-manajemen